X,Y,OBJECTID,Nokta,Aciklama,AGÄ°_NO,IstasyonAd,X,Y,Kot,PaftaNo,YagisAlani,Birim,OrtAkim_10,OrtAkim_11,OrtAkim_12,OrtAkim_1,OrtAkim_2,OrtAkim_3,OrtAkim_4,OrtAkim_5,OrtAkim_6,OrtAkim_7,OrtAkim_8,OrtAkim_9,YilOrtAkim,TopAkim_10,TopAkim_11,TopAkim_12,TopAkim_1,TopAkim_2,TopAkim_3,TopAkim_4,TopAkim_5,TopAkim_6,TopAkim_7,TopAkim_8,TopAkim_9,YilTopAkim,icon_url
27.768662736963,38.8892365002016,"1",POI072,,E05-009,MEDAR Ã‡AYI - KAYALIOÄLU,566712.19499999995,4304945.12899999972,77.86432939180,K19B1,901.60000000000,"AylÄ±k ort. akÄ±mlar m3/sn; aylÄ±k toplam akÄ±mlar hm3",0.32923387097,0.66099880952,3.03938824885,4.65406451613,7.95576275510,5.44694470046,3.81080595238,1.65573502304,0.57843095238,0.19003110599,0.07977880184,0.12135714286,2.37687765663,0.88237451429,1.71309891429,8.14024348571,12.46712902860,19.32731628570,14.58890388570,9.87363245714,4.43157594286,1.49983417143,0.50863971429,0.21379142857,0.31428571429,73.95621840000,./0.png
28.6992239970504,38.6979146798149,"2",POI013,,E05-014,SELENDÄ° Ã‡AYI - DEREKÃ–Y,647816.00000000000,4284804.00000000000,345.00000000000,K21D2,689.60000000000,"AylÄ±k ort. akÄ±mlar m3/sn; aylÄ±k toplam akÄ±mlar hm3",0.23792880979,0.89011379310,2.50460622914,3.66282758621,5.44765517241,4.13410456062,2.84155747126,1.28718131257,0.40661839081,0.12381423804,0.09432480534,0.07448275862,1.80876792733,0.63701296552,2.30638929655,6.70929782069,9.81108827586,13.27744270340,11.06539106210,7.36682372414,3.44848943448,1.05327100690,0.33162548965,0.25289059310,0.19289655172,56.46337754480,./0.png
28.581636052037,38.7333259326596,"3",POI014,DeliniÅŸ Ã‡ayÄ± Ã‡aykÃ¶y yerine DELÄ°NÄ°Å DERESÄ° - TOPUZDAMLARI kullanÄ±lmÄ±ÅŸ,515/E05-015,DELÄ°NÄ°Å DERESÄ° - TOPUZDAMLARI,637521.83499999996,4288550.67999999970,409.01604626700,K21D1,734.80000000000,"AylÄ±k ort. akÄ±mlar m3/sn; aylÄ±k toplam akÄ±mlar hm3",0.26256942497,0.66515942029,3.76439971950,5.52778962132,7.24331211180,5.96956521739,4.21725507246,1.88230154278,0.41471014493,0.18320897616,0.20279382889,0.12543478261,2.53820832192,0.70346977391,1.72467165217,10.08454956520,14.82054956520,17.61316932170,15.99145196520,10.92861419130,5.04072034783,1.07433182609,0.49080438261,0.54287638261,0.32501565217,79.43400723480,./0.png
28.4792402276237,38.7520185407811,"4",POI015,Demirci Ã‡ayÄ± Borlu RegÃ¼latÃ¶rÃ¼ yerine DEMÄ°RCÄ° Ã‡AYI - BORLU KÃ–PRÃœSÃœ kullanÄ±lmÄ±ÅŸ,E05-022,DEMÄ°RCÄ° Ã‡AYI - BORLU KÃ–PRÃœSÃœ,628587.73100000003,4290476.29800000042,245.68686529400,K20B3,818.80000000000,"AylÄ±k ort. akÄ±mlar m3/sn; aylÄ±k toplam akÄ±mlar hm3",0.16012096774,0.68850238095,3.62904838710,4.82645046083,8.05062500000,5.84108294931,3.89338333333,1.54469470046,0.47444642857,0.09470622120,0.04627880184,0.08503571429,2.44453127880,0.42913040000,1.78346131429,9.71404914286,12.93357480000,19.57852771430,15.64196582860,10.09015588570,4.14049102857,1.23098971429,0.25336108571,0.12364411429,0.22042114286,76.11023645710,./0.png
29.4146806337475,38.9680359374023,"5",POI001,MuratÃ§ayÄ± DÃ¶rtdeÄŸirmen yerine SazkÃ¶y verileri ve alanÄ± kullanÄ±lmÄ±ÅŸ,"524",MURAT Ã‡AYI - SAZKÃ–Y,709247.79599999997,4316182.05900000036,702.45437955400,K23,176.00000000000,"AylÄ±k ort. akÄ±mlar m3/sn; aylÄ±k toplam akÄ±mlar hm3",0.63241036440,0.89815947531,1.36647843489,1.31716197730,1.71633541952,2.14692419355,3.75562129630,3.52896487455,1.54317408951,0.72907965950,0.45176209677,0.47747788580,1.54696248062,1.69384792000,2.32802936000,3.65997584000,3.52788664000,4.18732244000,5.75032176000,9.73457040000,9.45197952000,3.99990724000,1.95276696000,1.20999960000,1.23762268000,48.73423036000,./0.png
27.6119628988707,38.4116229466619,"6",POI045,,"525",YÄ°ÄÄ°TLER DERESÄ° - YÄ°ÄÄ°TLER,553475.41500000004,4251843.16999999993,155.59778919900,L19A1,64.00000000000,"AylÄ±k ort. akÄ±mlar m3/sn; aylÄ±k toplam akÄ±mlar hm3",0.13781912442,0.32316071429,0.79994585253,1.11484907834,1.70246811224,1.28905184332,0.87944404762,0.33645967742,0.12365714286,0.04304262673,0.02006912442,0.03729285714,0.56727168345,0.36921268571,0.83780771429,2.13971297143,2.98479880000,4.14126228571,3.45263382857,2.28158497143,0.90092022857,0.32048845714,0.11530085714,0.05395851429,0.09656680000,17.69789097140,./0.png
28.0500909184006,38.5907211733054,"7",POI033,,05-007,MARMARA GÃ–LÃœ - REGÃœLATÃ–R Ã‡IKIÅI,591500.31900000002,4272061.83100000024,72.54792838030,K20A4,255.70000000000,"AylÄ±k ort. akÄ±mlar m3/sn; aylÄ±k toplam akÄ±mlar hm3",4.53465384615,0.91659615385,0.69273449131,1.22105459057,2.80067307692,1.46584615385,1.92085384615,2.57284243176,7.44919230769,21.12875186100,23.68144540940,13.63819230770,6.83523637304,12.14809243080,2.37591261538,1.85565495385,3.27371175385,6.80121107692,3.92867938462,4.98446947692,6.88457464615,19.30020061540,56.56670990770,63.42338738460,35.32651384620,216.90915655400,./0.png
27.8277777810539,38.9527777840509,"8",,,05-015,MEDAR Ã‡AYI - MEDAR KÃ–PRÃœSÃœ,571775.17562899995,4312041.33043000009,106.00000000000,K19B1,512.30000000000,"AylÄ±k ort. akÄ±mlar m3/sn; aylÄ±k toplam akÄ±mlar hm3",0.04730969449,0.22528108466,2.77677771377,4.71586181516,4.36705656880,4.31520950674,3.51354442240,1.30448348694,0.27718529541,0.04122930534,0.02162805086,0.04338899912,1.80407966197,0.12671428571,0.58392857143,7.43732142857,12.63096428570,10.65842857140,11.55785714290,9.10710714286,3.49392857143,0.71846428571,0.11042857143,0.05792857143,0.11246428571,56.61857142860,./0.png
27.2986705160185,38.4925590826668,"9",POI047,,05-018,NÄ°F Ã‡AYI - Ã‡Ä°Ã‡EKLÄ°,526094.12500000000,4260688.93300000019,277.47479761400,L18C4,39.50000000000,"AylÄ±k ort. akÄ±mlar m3/sn; aylÄ±k toplam akÄ±mlar hm3",0.01984745930,0.13239017773,0.43915270546,0.65351510358,0.74633333333,0.50255636108,0.24660529669,0.08091467299,0.02166742459,0.00199212417,0.00076241789,0.00184455941,0.23729846969,0.05164577969,0.33320265377,1.14218096920,1.69984595011,1.76280571429,1.30836558718,0.62122619886,0.21040567173,0.05461371157,0.00515987911,0.00198270506,0.00465861822,7.20028391497,./0.png
28.0503805414561,38.4644324590949,"10",POI035,,05-021,TABAK DERESÄ° - Ã‡ALTILI,591685.59199999995,4258048.22900000028,145.92898454600,L20A1,81.10000000000,"AylÄ±k ort. akÄ±mlar m3/sn; aylÄ±k toplam akÄ±mlar hm3",0.21191039426,0.37515000000,1.45112813620,2.11666935484,2.49702678571,2.40781362007,1.73345185185,0.87316935484,0.40174722222,0.21712007168,0.15895788530,0.16623055556,1.05086460271,0.56788106667,0.97269613333,3.88313111111,5.66730715556,6.07872057778,6.44857702222,4.49487897778,2.33887057778,1.04166280000,0.58148146667,0.42597920000,0.43095315556,32.93461146670,./0.png
27.333554250372,38.6819610334931,"11",POI066,,05-025,GEDÄ°Z NEHRÄ° - MURADÄ°YE KÃ–P.,529059.94299999997,4281716.25700000022,17.61735620340,K18C1,15848.00000000000,"AylÄ±k ort. akÄ±mlar m3/sn; aylÄ±k toplam akÄ±mlar hm3",21.06346673390,24.39305000000,44.97418346770,68.78688911290,79.45286049110,68.28095463710,49.77989479170,26.09166532260,18.25001041670,22.39250100810,24.36394052420,21.77967500000,39.13409095880,56.40458130000,63.21386560000,120.47468100000,184.16860180000,193.44084010000,182.83334490000,129.09241230000,69.85132640000,47.30463325000,59.99421570000,65.22999030000,56.47744860000,1228.49234750000,./0.png
27.3994444486581,38.769444451336,"12",,,05-026,SARMA Ã‡AYI - SARMA,534748.66955800005,4291446.96117999963,117.00000000000,K18C2,52.30000000000,"AylÄ±k ort. akÄ±mlar m3/sn; aylÄ±k toplam akÄ±mlar hm3",0.05302583268,0.19560185185,0.66789965615,0.74565812862,0.92595686707,0.51569739488,0.27458785005,0.09349411370,0.03393179765,0.01026277064,0.00858721625,0.01661773562,0.29511010126,0.14202439024,0.50700000000,1.78890243902,1.99717073171,2.25748780488,1.38124390244,0.71173170732,0.25041463415,0.08795121951,0.02748780488,0.02300000000,0.04307317073,9.22024390244,./0.png
28.1975000030124,38.7722222292566,"13",,,05-028,GÃ–RDES Ã‡AYI - HACIHIDIR KÃ–PRÃœSÃœ,604075.44274800003,4292360.30095000006,305.00000000000,K20A3,808.20000000000,"AylÄ±k ort. akÄ±mlar m3/sn; aylÄ±k toplam akÄ±mlar hm3",0.23712332404,0.82911093964,6.21125381654,9.85725308642,7.50610695534,6.39581673968,4.20216049383,2.63610945175,0.60973936900,0.16498241073,0.06305588743,0.06727966392,3.23166601153,0.63511111111,2.14905555556,16.63622222220,26.40166666670,18.39666666670,17.13055555560,10.89200000000,7.06055555556,1.58044444444,0.44188888889,0.16888888889,0.17438888889,101.67777777800,./0.png
28.1906084688503,38.5101894591203,"14",POI020,,05-031,ALAÅEHÄ°R Ã‡AYI - TAYTAN,603854.12600000005,4263274.61799999978,90.12591608520,K20D3,2513.00000000000,"AylÄ±k ort. akÄ±mlar m3/sn; aylÄ±k toplam akÄ±mlar hm3",0.74021863799,2.01215925926,6.71101971326,6.20038172043,7.90522222222,5.93239605735,6.07976666667,1.93873835125,0.89987222222,0.64533333333,0.77162544803,0.70855370370,3.37877394464,1.98127520000,5.21070435556,17.96877457780,16.61310755560,19.42366186670,15.88812711110,15.74495653330,5.18894862222,2.33322080000,1.72771804444,2.06573466667,1.83585697778,105.96347520000,./0.png
27.8395500402134,38.5600139283435,"15",POI039,,05-033,GEDÄ°Z N. - URGANLI KÃ–P.,573195.09900000005,4268465.73099999968,52.07472728350,K19,9587.00000000000,"AylÄ±k ort. akÄ±mlar m3/sn; aylÄ±k toplam akÄ±mlar hm3",9.54365437788,10.69361904760,14.46582488480,30.50440553000,47.49558418370,37.84417281110,23.91917619050,12.29043548390,10.35245238100,19.64796313360,20.32023732720,8.00335238095,20.42340647770,25.54244662860,27.71072342860,38.73806537140,81.71994834290,115.79767840000,101.33908388600,61.98055040000,32.93084388570,26.84386742860,52.60482788570,54.42538308570,20.74124822860,640.42023840000,./0.png
28.0490448588118,38.7626001759527,"16",POI060,GÃ¶rdes BarajÄ± MansabÄ± yerine GÃ–RDES Ã‡AYI - MADEN Ã‡EÅMESÄ° kullanÄ±lmÄ±ÅŸ,05-034,GÃ–RDES Ã‡AYI - MADEN Ã‡EÅMESÄ°,591190.94999999995,4291134.16999999993,179.29602255400,K19B3,1444.00000000000,"AylÄ±k ort. akÄ±mlar m3/sn; aylÄ±k toplam akÄ±mlar hm3",0.09856250000,0.68899583333,4.80104233871,8.45836491935,9.63640848214,8.75948991935,7.45842083333,2.71475403226,0.57029166667,0.08672177419,0.03233064516,0.01530000000,3.61005691204,0.26297520000,1.78434020000,12.87814670000,22.67964480000,23.62133290000,23.47553080000,19.34483980000,7.27584060000,1.47808450000,0.23204410000,0.08675560000,0.03987360000,113.16528380000,./0.png
28.3666666706685,39.0547222290585,"17",,,05-035,Ä°NDERESÄ° - GÃœNEÅLÄ°,618301.80345600005,4323917.25595000014,598.00000000000,J20C3,88.00000000000,"AylÄ±k ort. akÄ±mlar m3/sn; aylÄ±k toplam akÄ±mlar hm3",0.06746277916,0.28273385565,0.74780580829,0.86145000459,1.59422892720,1.57036922158,1.04178537512,0.46049306130,0.13764245014,0.04256272401,0.01387165702,0.01819207028,0.56988316120,0.18069230769,0.73284615385,2.00292307692,2.30730769231,3.90369230769,4.20607692308,2.70030769231,1.23338461538,0.35676923077,0.11400000000,0.03715384615,0.04715384615,17.82230769230,./0.png
28.540277781358,38.1827777841555,"18",,,05-036,DERBENT Ã‡AYI - ULUDERE,634948.57349600003,4227394.65883999970,420.00000000000,L21D1,119.00000000000,"AylÄ±k ort. akÄ±mlar m3/sn; aylÄ±k toplam akÄ±mlar hm3",0.15965688471,0.43364197531,1.41731070789,2.59697954002,2.49558488985,2.66964419056,2.35117669753,1.43205831840,0.37654320988,0.18205831840,0.10552008662,0.10628858025,1.19387194995,0.42762500000,1.12400000000,3.79612500000,6.95575000000,6.05475000000,7.15037500000,6.09425000000,3.83562500000,0.97600000000,0.48762500000,0.28262500000,0.27550000000,37.46025000000,./0.png
27.5749500364172,38.5786877067554,"19",POI049,NifÃ‡. AÅŸaÄŸÄ±Ã‡obanisa yerine NÄ°F Ã‡AYI - HACIHALLÄ°LER kullanÄ±lmÄ±ÅŸ,05-038,NÄ°F Ã‡AYI - HACIHALLÄ°LER,550128.17200000002,4270360.46700000018,33.46755005980,K19D4,854.00000000000,"AylÄ±k ort. akÄ±mlar m3/sn; aylÄ±k toplam akÄ±mlar hm3",0.42627310019,0.72975840207,2.77329818817,4.36990000000,5.18988700924,7.46578648411,5.85104283515,2.43917600902,1.29419781150,0.99443699274,0.96776488783,0.48165976850,2.74859845738,0.97144335515,1.60731529782,6.31254511472,9.92424636800,10.79451564130,16.99127849190,12.89228630290,5.54854013426,2.84754583274,2.26185883614,2.20076102756,1.05943293200,73.54656933440,./0.png
27.9420447232507,38.4925313808271,"20",POI037,Gencer Deresi yerine AHMETLÄ° Ã‡.- DEREKÃ–Y kullanÄ±lmÄ±ÅŸ,05-039,AHMETLÄ° Ã‡.- DEREKÃ–Y,582202.00000000000,4261064.00000000000,125.00000000000,L19B2,95.00000000000,"AylÄ±k ort. akÄ±mlar m3/sn; aylÄ±k toplam akÄ±mlar hm3",0.15850193548,0.37422800000,0.80462967742,1.12616387097,1.94727857143,1.61068387097,1.02214800000,0.51048774194,0.23630133333,0.07784129032,0.04713677419,0.08333866667,0.66656164439,0.42457740800,0.96979129600,2.15470336000,3.01643481600,4.73568243200,4.31286124800,2.64884825600,1.36725209600,0.61249209600,0.20853132800,0.12616876800,0.21604902400,20.78675212800,./0.png
29.6000000026933,38.8666666728675,"21",,,05-040,COMBURT DERESÄ° - KÃœÃ‡ÃœKLER,725626.46974800003,4305372.83731999993,1230.00000000000,K23A4,41.40000000000,"AylÄ±k ort. akÄ±mlar m3/sn; aylÄ±k toplam akÄ±mlar hm3",0.06939110770,0.14963624339,0.27409754224,0.24188214712,0.27140022676,0.42088026967,0.48743386243,0.39191841611,0.15024250441,0.06064388121,0.04005589691,0.04883156966,0.21720113897,0.18585714286,0.38785714286,0.73414285714,0.64785714286,0.65757142857,1.12728571429,1.26342857143,1.04971428571,0.38942857143,0.16242857143,0.10728571429,0.12657142857,6.83942857143,./0.png
29.4158333364513,38.9694444511934,"22",,,05-041,MURAT Ã‡AYI - DÃ–RTDEÄÄ°RMEN,709343.52681499999,4316341.04225999955,705.00000000000,K22B2,539.80000000000,"AylÄ±k ort. akÄ±mlar m3/sn; aylÄ±k toplam akÄ±mlar hm3",0.51844959103,1.14497269706,2.52820283062,2.42710918114,4.03957771953,4.41853919677,7.23112535613,4.45903409613,1.47017450142,0.34966340410,0.15663771712,0.24080009497,2.41535719883,1.38861538462,2.96776923077,6.77153846154,6.50076923077,9.87923076923,11.83461538460,18.74307692310,11.94307692310,3.81069230769,0.93653846154,0.41953846154,0.62415384615,75.81961538460,./0.png
29.4555555584251,38.9686111179354,"23",,,05-042,MURAT Ã‡AYI - GÃœMELE,712787.79703599995,4316340.62315000035,740.00000000000,K22B2,241.30000000000,"AylÄ±k ort. akÄ±mlar m3/sn; aylÄ±k toplam akÄ±mlar hm3",0.43005008731,0.73023504273,1.14353575039,0.99634684312,1.33284958177,1.71279064424,3.40990028490,2.93869474313,1.05377492877,0.30330966823,0.28986880801,0.20738366572,1.21239500403,1.15184615385,1.89276923077,3.06284615385,2.66861538462,3.25784615385,4.58753846154,8.83846153846,7.87100000000,2.73138461538,0.81238461538,0.77638461539,0.53753846154,38.18861538460,./0.png
28.0052777808512,39.125000006496,"24",,,05-043,CEMAL DERE - KAYGANLI,586944.70964200003,4331308.58509999979,290.00000000000,J20D4,64.00000000000,"AylÄ±k ort. akÄ±mlar m3/sn; aylÄ±k toplam akÄ±mlar hm3",0.05895488422,0.14993018813,0.67127851738,0.79260183763,1.41535409662,1.16341668089,0.83427028219,0.29614339762,0.08417842446,0.01735222165,0.00325354156,0.00766093474,0.45786625059,0.15790476190,0.38861904762,1.79795238095,2.12290476190,3.45623809524,3.11609523810,2.16242857143,0.79319047619,0.21819047619,0.04647619048,0.00871428571,0.01985714286,14.28952380950,./0.png
27.9500000033683,39.0333333397233,"25",,,05-044,DEMÄ°RBÃœKEN D. BAÅLAMIÅ,582272.70931800001,4321084.28330999985,205.00000000000,J19C3,148.00000000000,"AylÄ±k ort. akÄ±mlar m3/sn; aylÄ±k toplam akÄ±mlar hm3",0.03198426922,0.25261488340,0.61396521970,0.94820290721,1.46362623913,1.61618047259,1.16718106996,0.38393568300,0.09576474623,0.01339937608,0.00070523032,0.01238854595,0.54999572023,0.08566666667,0.65477777778,1.64444444444,2.53966666667,3.57355555556,4.32877777778,3.02533333333,1.02833333333,0.24822222222,0.03588888889,0.00188888889,0.03211111111,17.20555555560,./0.png
27.5333333372823,38.3666666731958,"26",,,05-063,ARMUTLU D.- ARMUTLU,546639.42448199994,4246812.13033000007,198.00000000000,L18B2,43.50000000000,"AylÄ±k ort. akÄ±mlar m3/sn; aylÄ±k toplam akÄ±mlar hm3",0.02464157706,0.06843171296,0.31035319594,0.61291255974,1.80193865741,1.27683505078,0.39988425926,0.15993690263,0.07065007716,0.03747573178,0.02090800478,0.01798804012,0.40016298080,0.06600000000,0.17737500000,0.83125000000,1.64162500000,4.37925000000,3.41987500000,1.03650000000,0.42837500000,0.18312500000,0.10037500000,0.05600000000,0.04662500000,12.36375000000,./0.png
28.3244151023083,38.3778405289914,"27",POI027,KavaklÄ±dere KÃ¶prÃ¼sÃ¼ yerine KAVAKLIDERE-DEREKÃ–Y kullanÄ±lmÄ±ÅŸ,05-056,KAVAKLIDERE-DEREKÃ–Y,615731.97300000000,4248747.57699999958,260.62576643400,L20B1,98.65000000000,"AylÄ±k ort. akÄ±mlar m3/sn; aylÄ±k toplam akÄ±mlar hm3",0.24754838710,1.12903333333,1.22335806452,2.07219354839,3.35881428571,3.41177096774,2.86837333333,1.06361935484,0.57479333333,0.19445483871,0.10551612903,0.10123000000,1.36255879800,0.66238112000,2.92524160000,3.27739728000,5.55099488000,8.15445312000,9.13227072000,7.43333568000,2.84896992000,1.48869632000,0.52081584000,0.28243872000,0.26238656000,42.53278176000,./0.png
28.2174827280783,38.4952467819083,"28",POI028,Yenipazar Deresi yerine DEÄÄ°RMENDERE-DOÄANLAR kullanÄ±lmÄ±ÅŸ,05-048,DEÄÄ°RMENDERE-DOÄANLAR,606219.24699999997,4261647.12299999967,99.81213283700,L20A2,41.80000000000,"AylÄ±k ort. akÄ±mlar m3/sn; aylÄ±k toplam akÄ±mlar hm3",0.06507692308,0.35642564103,0.65381141439,0.83246401985,1.36879395604,1.15081389578,1.12160256410,0.41280645161,0.12900000000,0.01815384615,0.00169230769,0.00930769231,0.50999572600,0.17446153846,0.92407495385,1.75221353846,2.23042153846,3.33677649231,3.08085390769,2.90638646154,1.10578510769,0.33446153846,0.04846153846,0.00446153846,0.02430769231,15.91681969230,./0.png
27.9865238670292,38.7786871698036,"29",POI062,Ã‡aÄŸlayan Dere KÃ¶prÃ¼ yerine KAYACIK D. Ã‡AÄLAYAN kullanÄ±lmÄ±ÅŸ,05-049,KAYACIK D. Ã‡AÄLAYAN,585739.62800000003,4292858.93900000025,143.70322140700,K19B3,350.52000000000,"AylÄ±k ort. akÄ±mlar m3/sn; aylÄ±k toplam akÄ±mlar hm3",0.12138960508,0.27820589855,0.34247675355,1.61755148819,2.82599874157,2.20561211975,1.41307191845,1.41115376215,0.62065842464,0.15963435898,0.11675006160,0.24458704407,0.94642418138,0.32486271825,0.72095654619,0.91679259386,4.33712373453,6.88316998419,5.91319264440,3.66494755547,3.78131880798,1.60690663667,0.42752352423,0.31304279356,0.63409761823,29.50422087180,./0.png
29.0166666699951,38.7500000068583,"30",,,05-050,AYAN D. Ã‡AMURKÃ–Y,675296.48350500001,4291144.44895999972,740.00000000000,K22A4,59.50000000000,"AylÄ±k ort. akÄ±mlar m3/sn; aylÄ±k toplam akÄ±mlar hm3",0.04561746497,0.29331509540,0.64638318671,0.80706256109,0.83257529109,0.67621782340,0.28598484848,0.07212582817,0.02016694725,0.12931736722,0.00000000000,0.01143378227,0.31835001634,0.12218181818,0.76027272727,1.73127272727,2.16163636364,2.03736363636,1.81118181818,0.74127272727,0.19318181818,0.05227272727,0.34636363636,0.00000000000,0.02963636364,9.99090909091,./0.png
27.9000000038394,38.9333333396024,"31",,,05-054,DELÄ°CEDERE Ã‡AMÃ–NÃœ,578054.68007899995,4309942.83672999963,172.00000000000,"K19B2, K20A1",38.10000000000,"AylÄ±k ort. akÄ±mlar m3/sn; aylÄ±k toplam akÄ±mlar hm3",0.01537552949,0.03819444444,0.24855408928,0.22883403932,0.29085627415,0.21576653633,0.12198372615,0.04745030955,0.02048260382,0.00780656023,0.00478576083,0.00080667789,0.10340804596,0.04118181818,0.09900000000,0.66572727273,0.61290909091,0.71027272727,0.57790909091,0.31618181818,0.12709090909,0.05309090909,0.02090909091,0.01281818182,0.00209090909,3.23909090909,./0.png
27.8481963913688,38.4715375823821,"32",POI040,,05-055,GÃœRLEVÄ°K D. AKÃ‡APINAR,574038.95700000005,4258654.83499999996,148.13671890900,L19B1,43.13000000000,"AylÄ±k ort. akÄ±mlar m3/sn; aylÄ±k toplam akÄ±mlar hm3",0.10666451613,0.74470000000,0.47712903226,0.64845483871,0.94730714286,0.98860967742,0.53991000000,0.19494838710,0.13929000000,0.02371935484,0.01840000000,0.02480000000,0.40449441244,0.28564480000,1.93057760000,1.27783488000,1.73597984000,2.30126944000,2.64940000000,1.39741312000,0.52273120000,0.36010368000,0.06348352000,0.04912112000,0.06406560000,12.64232480000,./0.png
29.2833333370155,38.8166666735234,"33",,,05-064,DÄ°KENDERE SARIBURUN,698287.58666999999,4299088.18884999957,635.00000000000,"K22A3,B4",153.80000000000,"AylÄ±k ort. akÄ±mlar m3/sn; aylÄ±k toplam akÄ±mlar hm3",0.05573690049,0.15669091711,0.37922427035,0.83424005803,1.69708017307,1.54132531149,1.12075617284,0.35255589691,0.13558201058,0.02026796382,0.01621437105,0.02072310406,0.52753309582,0.14928571429,0.40614285714,1.01571428571,2.23442857143,4.12828571429,4.12828571429,2.90500000000,0.94428571429,0.35142857143,0.05428571429,0.04342857143,0.05371428571,16.43285714290,./0.png
28.8708965690629,38.7432140610579,"34",POI008,,05-066,SELENDÄ° Ã‡. SELENDÄ°,662643.41099999996,4290122.22400000039,427.54116662100,K21,519.40000000000,"AylÄ±k ort. akÄ±mlar m3/sn; aylÄ±k toplam akÄ±mlar hm3",0.78523118280,0.95980000000,1.87915053763,2.46981182796,4.99879761905,3.80459677419,1.79895000000,0.81753763441,0.27563888889,0.18668817204,0.03518817204,0.06300000000,1.50619923408,2.10489626667,2.48737093333,5.02910560000,6.61301226667,12.10854586670,10.19303813330,4.66736773333,2.19103280000,0.71433200000,0.49986426667,0.09450320000,0.16300000000,46.86856906670,./0.png
28.9500000038264,38.6166666736199,"35",,,05-067,Ä°MREN D. ULUCAK,669817.53536400001,4276221.52605000045,463.00000000000,K21,371.60000000000,"AylÄ±k ort. akÄ±mlar m3/sn; aylÄ±k toplam akÄ±mlar hm3",0.02333482676,0.16525205761,0.56190262844,0.69960921943,1.89559909612,0.93812226205,0.27057613169,0.16340601354,0.02314814815,0.00161788132,0.00130675030,0.00829475309,0.39601414738,0.06250000000,0.42833333333,1.50500000000,1.87383333333,4.58583333333,2.51266666667,0.70133333333,0.43766666667,0.06000000000,0.00433333333,0.00350000000,0.02150000000,12.19666666670,./0.png
28.133333336977,38.6166666729643,"36",,,05-068,KOCADERE POYRAZDAMLARI,598714.57459400001,4275027.15744000021,125.00000000000,K20,24.00000000000,"AylÄ±k ort. akÄ±mlar m3/sn; aylÄ±k toplam akÄ±mlar hm3",0.00350955795,0.01404320988,0.02844982079,0.04032258065,0.11210317460,0.04637096774,0.01682098765,0.01560633214,0.00648148148,0.00082138590,0.00000000000,0.00000000000,0.02371079156,0.00940000000,0.03640000000,0.07620000000,0.10800000000,0.27120000000,0.12420000000,0.04360000000,0.04180000000,0.01680000000,0.00220000000,0.00000000000,0.00000000000,0.72800000000,./0.png
27.928033350783,39.048749997352,"37",POI073,GÃ¼rdÃ¼k Ã‡ayÄ± (Akhisar) yerine GÃœRDÃœKÃ‡AYI GÃ–KÃ‡EAHMET kullanÄ±lmÄ±ÅŸ,05-069,GÃœRDÃœKÃ‡AYI GÃ–KÃ‡EAHMET,580353.94799999997,4322775.53100000042,138.00000000000,J19,490.00000000000,"AylÄ±k ort. akÄ±mlar m3/sn; aylÄ±k toplam akÄ±mlar hm3",0.24211290323,0.30961666667,1.82240322581,2.97646774194,6.74811309524,5.79876344086,3.57718888889,1.91445698925,1.00973333333,0.23928494624,0.20350000000,0.18750000000,2.08576176929,0.64827333333,0.80349573333,4.88184586667,7.96543040000,16.49941920000,15.55499200000,9.28231360000,5.12670613333,2.61684613333,0.64057360000,0.54631866667,0.48609333333,65.05314133330,./0.png
27.8193985065741,38.4662467936542,"38",POI041,,05-070,KARACAALÄ°DERE Ã‡IKRIKÃ‡I,571532.00000000000,4258045.00000000000,140.00000000000,L19B1,75.00000000000,"AylÄ±k ort. akÄ±mlar m3/sn; aylÄ±k toplam akÄ±mlar hm3",0.12020430108,1.40653333333,0.74704838710,1.22362903226,3.29341071429,3.60124731183,1.31460555556,1.26106989247,1.24550000000,0.37501612903,0.03935483871,0.07078333333,1.22486690242,0.32193786667,3.64608240000,1.99994640000,3.28049840000,8.00239386667,9.64974613333,3.40625760000,3.37817546667,3.22861466667,1.00439440000,0.10532400000,0.18343573333,38.22114026670,./0.png
27.6663552772709,38.7689203942478,"39",POI074,"Ã‡alÄ±ÅŸmalarÄ±mÄ±zda bu noktaya verilen isimler: MedarÃ§ayÄ± KayalÄ±oÄŸlu (aynÄ± isim POI072 de var) ve Kum Ã‡ayÄ± Nuriye KÃ¶prÃ¼sÃ¼; fakat akÄ±m deÄŸerleri olarak KUM Ã‡. KÄ°LLÄ°K kullanÄ±lmÄ±ÅŸ",E05-010,KUM Ã‡. KÄ°LLÄ°K,557936.57299999997,4291523.86000000034,49.31476509500,K19A3,3188.60000000000,"AylÄ±k ort. akÄ±mlar m3/sn; aylÄ±k toplam akÄ±mlar hm3",0.44951267281,0.98960357143,3.42241359447,4.69698156682,8.05525382653,5.47056797235,4.35010357143,2.02890207373,0.76114880952,0.15216705069,0.04117281106,0.13011666667,2.54566201563,1.20358537143,2.56671131429,9.16830314286,12.57530171430,19.62402497140,14.64904245710,11.27553131430,5.43419754286,1.97347485714,0.40724285714,0.11005080000,0.33679897143,79.28615817140,./0.png
28.7198035541539,38.6396826153464,"40",POI012,,E05-023,GEDÄ°Z N. ACISU,649727.00000000000,4278375.00000000000,348.00000000000,K21D2,3272.40000000000,"AylÄ±k ort. akÄ±mlar m3/sn; aylÄ±k toplam akÄ±mlar hm3",1.29821385902,3.37736913580,8.86594862605,11.56678853050,17.03295105820,14.81064755080,14.92019629630,8.72016606930,3.18959135802,1.04899163680,0.64662365591,0.78109382716,7.18821513365,3.47929588148,8.75495857778,23.76984924440,30.96911040000,41.41512912590,39.68378654810,38.68275768890,23.35750494810,8.26082820741,2.81067282963,1.73373854815,2.02144201481,224.91907401500,./0.png
28.3140764647898,38.6201606893747,"41",,,,DEMÄ°RKÃ–PRÃœ BARAJI (gÃ¶le gelen) - koordinatlar aks noktasi,614444.89800000004,4275624.67999999970,234.67572568400,,-9999.00000000000,"AylÄ±k ort. akÄ±mlar m3/sn; aylÄ±k toplam akÄ±mlar hm3",4.46644039482,10.01906133360,33.83005820900,36.93038711070,49.17070101840,36.83063908340,26.31263189060,15.65811591790,7.47118593885,5.73107339335,4.05233165930,3.13367606948,19.46719183490,11.96291395350,25.96940697670,90.61042790700,98.91434883720,119.86538139500,98.64718372090,68.20234186050,41.93869767440,19.36531395350,15.35010697670,10.85376511630,8.12248837209,606.24964418600,./0.png
28.0500909184006,38.5907211733054,"42",,,,MARMARA GÃ–LÃœ BARAJI (gÃ¶le gelen) - koordinatlar regulator noktasi,591500.31900000002,4272061.83100000024,72.54792838030,,-9999.00000000000,"AylÄ±k ort. akÄ±mlar m3/sn; aylÄ±k toplam akÄ±mlar hm3",1.49617730373,2.04030391278,5.63549013373,7.14400990481,12.71527768580,9.11681986357,5.51307248108,2.67945114079,2.89105436081,3.56599390103,3.71198741666,2.74006371963,4.93747515204,4.00736129032,5.28846774194,15.09409677420,19.13451612900,31.05509677420,24.41849032260,14.28988387100,7.17664193548,7.49361290323,9.55115806452,9.94218709677,7.10224516129,153.60905483900,./0.png
29.6354359550245,38.9014602248123,"43",POI004,Ã‡OKRAÄAN KAYNAÄI deÄŸerlendirilmiÅŸ akÄ±mlar,,Ã‡OKRAÄAN KAYNAÄI,728589.79900000000,4309322.95899999980,1338.82140524000,K23A2,-9999.00000000000,"AylÄ±k ort. akÄ±mlar m3/sn; aylÄ±k toplam akÄ±mlar hm3",0.18911056840,0.14676319981,0.17221018570,0.17191392419,0.21603294853,0.40224671446,0.83133333333,0.89790601354,0.54253226712,0.37640344303,0.24967010155,0.16837037037,0.36162133979,0.45942986667,0.37581933333,0.41611453333,0.46045425454,0.52638530909,1.07737760000,2.15481600000,2.40495146667,1.40624363636,1.00815898182,0.66871640000,0.43641600000,11.37674808890,./0.png
29.6105375736209,38.876098118672,"44",POI005,KÃœÃ‡ÃœKLER BARAJI gelen su miktarÄ±,,KÃœÃ‡ÃœKLER BARAJI gelen su miktarÄ±,726510.90099999995,4306445.78100000042,1248.45025529000,K23A1,51.00000000000,"AylÄ±k ort. akÄ±mlar m3/sn; aylÄ±k toplam akÄ±mlar hm3",0.00000000000,0.03032007846,0.03501153226,0.12533355942,0.43277555445,0.74085756243,0.14949845679,0.05534268645,0.19153537916,0.20040353810,0.10938134930,0.00000000000,0.17253830807,0.00000000000,0.07858964336,0.09377488800,0.33569340555,1.04697062132,1.98431289521,0.38750000000,0.14822985139,0.49645970277,0.53676083645,0.29296700597,0.00000000000,3.77625885003,./0.png
29.0169914289821,38.8922863252431,"45",POI009,SELENDÄ° Ã‡AYI YAYKIN- Ã‡AKIRLAR ARASI  AGÄ°,,SELENDÄ° Ã‡AYI YAYKIN- Ã‡AKIRLAR ARASI  AGÄ°,674976.06200000003,4306936.47699999996,754.89112373000,K22D1,220.70000000000,"AylÄ±k ort. akÄ±mlar m3/sn; aylÄ±k toplam akÄ±mlar hm3",0.14353058578,0.35595603926,1.44067398356,1.99388118457,2.47705505784,1.96106362488,1.27532609869,0.70435938280,0.24967020784,0.08978694819,0.04824432696,0.06440941641,0.90032973807,0.38443232095,0.92263805376,3.85870119757,5.34041136474,6.03845963590,5.25251281289,3.30564524781,1.88655617091,0.64714517873,0.24048536203,0.12921760534,0.16694920733,28.17315415800,./0.png
29.0218539153157,38.6607754206056,"46",POI011,,,GEDÄ°Z NEHRI-YENÄ°KÃ–Y KÃ–PRÃœSÃœ AGÄ°,675965.89800000004,4281252.12399999984,496.10367266900,K22D1,2140.70000000000,"AylÄ±k ort. akÄ±mlar m3/sn; aylÄ±k toplam akÄ±mlar hm3",1.63689167311,3.14475042432,7.78076652881,10.90229496720,14.07064471200,11.65308363870,10.67563944770,6.87454325396,2.90616996964,1.12267211129,0.69969311845,0.80818983539,6.02294497338,4.38425065725,8.15119309985,20.84000507080,29.20070684030,34.30815433480,31.21161921790,27.67125744830,18.41277665140,7.53279256130,3.00696498288,1.87405804846,2.09482805333,188.68860696600,./0.png
28.2754844897328,38.5996758862388,"47",POI019,"ADALA  REGÃœLATÃ–R YERÄ° AKIMLARI ( DEMÄ°RKÃ–PRÃœ  BARAJINDAN  SULAMA AMACIYLA VERÄ°LEN SU MÄ°KTARI hm3 ) (sulama akÄ±mlarÄ±nÄ±n dÄ±ÅŸÄ±ndaki aylar iÃ§in, AGIlerle tamamlanan deÄŸerler gelince tablo revize edilecek.) EKSÄ°K",,ADALA  REGÃœLATÃ–R YERÄ° AKIMLARI,611116.72699999996,4273304.07199999969,118.30105166500,K20C4,-9999.00000000000,"AylÄ±k ort. akÄ±mlar m3/sn; aylÄ±k toplam akÄ±mlar hm3",5.32118677818,9.70003858025,3.53755973716,0.00000000000,0.26041666667,0.69568896854,4.66917438272,8.29025115578,25.17078189300,52.93764255460,42.01321005760,16.56620370370,27.78649281370,14.25226666670,25.14250000000,9.47500000000,0.00000000000,0.63000000000,1.86333333333,12.10250000000,22.20460869570,65.24266666670,141.78818181800,112.52818181800,42.93960000000,375.43060606100,./0.png
28.5383478065166,38.3902875021312,"48",POI021,,,ALAÅEHÄ°R Ã‡AYI BAKLACI KÃ–PRÃœSÃœ AGI,634396.36499999999,4250418.72200000007,140.44781509200,L21A1,1691.00000000000,"AylÄ±k ort. akÄ±mlar m3/sn; aylÄ±k toplam akÄ±mlar hm3",0.62157242453,0.87662268846,1.60671552635,1.44124364938,1.81122289127,1.85118099128,2.12407095241,1.31670152460,1.03595733773,0.72378854038,0.69543080063,0.72861946584,1.23609389940,1.66481958187,2.27220600849,4.30342686578,3.86022699049,4.42461954616,4.95820316704,5.50559190864,3.52665336349,2.68520141940,1.93859522656,1.86264185640,1.88858165544,38.89076758980,./0.png
28.8443909075987,38.1531702369286,"49",POI022,BULDAN BARAJI gelen su miktarÄ±,,BULDAN BARAJI gelen su miktarÄ±,661650.83400000003,4224595.62899999972,489.30236169500,L21C1,-9999.00000000000,"AylÄ±k ort. akÄ±mlar m3/sn; aylÄ±k toplam akÄ±mlar hm3",0.04312919705,0.08680555556,0.31748238784,0.42738929469,0.69266909750,0.46305695396,0.24265644955,0.19340989329,0.05555136992,0.04806834386,0.04514203714,0.04600317181,0.22178031268,0.11551724138,0.22500000000,0.85034482759,1.14471948691,1.69101967100,1.24025174550,0.62896551724,0.51802905818,0.14398915084,0.12874625221,0.12090843227,0.11924022133,6.92673160444,./0.png
28.588822733483,38.24831584928,"50",POI023,AVÅAR BARAJI gelen su miktarÄ±,,AVÅAR BARAJI gelen su miktarÄ±,639075.70600000001,4234739.01800000016,251.54181610600,L21D1,-9999.00000000000,"AylÄ±k ort. akÄ±mlar m3/sn; aylÄ±k toplam akÄ±mlar hm3",0.23312940304,0.70468816518,1.27019991348,3.07751921359,4.45938266511,3.97924187050,2.74642134951,1.25202168009,0.21651583575,0.40900789095,0.21239733940,0.19661355604,1.56309490689,0.62441379310,1.82655172414,3.40210344828,8.24282746169,10.89079620080,10.65800142590,7.11872413793,3.35341486796,0.56120904627,1.09548673512,0.56888503384,0.50962233727,48.85203621230,./0.png
28.6371512565762,38.3361453202142,"51",POI024,ALAÅEHÄ°R Ã‡AYI-YEÅÄ°YURT KPRÃœ   AGÄ°,,ALAÅEHÄ°R Ã‡AYI-YEÅÄ°YURT KPRÃœ   AGÄ°,643132.27599999995,4244559.09599999990,162.95500497400,L21A3,1559.84000000000,"AylÄ±k ort. akÄ±mlar m3/sn; aylÄ±k toplam akÄ±mlar hm3",0.61645180855,0.93321718738,1.76623448652,1.62454377628,1.85845491944,1.69711851923,1.80176922788,1.03396100142,0.84092512685,0.67280745245,0.69055777322,0.72416497461,1.18835052115,1.65110452401,2.41889894970,4.73068244871,4.35117805038,4.53951317773,4.54556224191,4.67018583867,2.76936114621,2.17967792879,1.80204748066,1.84958993979,1.87703561419,37.38483734070,./0.png
28.5725613852029,38.3282262939906,"52",POI025,BADINCA DERESÄ°- SOBRAN KÃ–PRÃœ  AGÄ° (alan oranÄ±yla tamamlanan akÄ±mlar),,BADINCA DERESÄ°- SOBRAN KÃ–PRÃœ  AGÄ°,637501.84800000000,4243582.21999999974,179.76992349700,L21A4,31.88000000000,"AylÄ±k ort. akÄ±mlar m3/sn; aylÄ±k toplam akÄ±mlar hm3",0.09648334030,0.19572235265,0.38240072608,0.51192592604,0.72956752094,0.67856608385,0.55824035164,0.27331982050,0.16059151130,0.06625135031,0.04214925521,0.05965053625,0.31290573126,0.25842097866,0.50731233806,1.02422210474,1.37114240030,1.77576103942,1.81747139900,1.44695899144,0.73205980724,0.41625319730,0.17744761667,0.11289256517,0.15461418996,9.79455662795,./0.png
28.4299568404969,38.4138815095135,"53",POI026,ALHAN Ã‡AYI AGÄ°   (alan oranÄ±yla tamamlanan akÄ±mlar),,ALHAN Ã‡AYI AGÄ°,624889.18400000001,4252884.59200000018,139.92049245800,L20B2,54.19000000000,"AylÄ±k ort. akÄ±mlar m3/sn; aylÄ±k toplam akÄ±mlar hm3",0.16276957597,0.33367227426,0.65013497363,0.86377681415,1.24674172216,1.15613752034,0.94777271733,0.48265738381,0.27967281590,0.11285482664,0.07188580113,0.10085837304,0.53407789986,0.43596203227,0.86487853487,1.74132151337,2.31353981902,3.03446074097,3.09659873449,2.45662688332,1.29274953679,0.72491193882,0.30227036767,0.19253892975,0.26142490293,16.71728393430,./0.png
28.1609326289722,38.428215026248,"54",POI030,GÃœMÃœÅDERE AGI ((hesaplamalarla oluÅŸturulmuÅŸ)KaraaÄŸaÃ§ HES RegÃ¼latÃ¶r Yeri DoÄŸal AkÄ±mlarÄ±mdan alan oranÄ±yla tamamlanan akÄ±mlar),,GÃœMÃœÅDERE AGI,601381.35699999996,4254145.09800000023,372.01985489600,L20A2,36.30000000000,"AylÄ±k ort. akÄ±mlar m3/sn; aylÄ±k toplam akÄ±mlar hm3",0.24412102801,0.40932909001,1.62128739534,2.40955965902,2.68138127465,2.63709531954,1.89266228544,0.97052175827,0.43934275768,0.24147326906,0.18462635894,0.19211913847,1.16029327787,0.65385376142,1.06098100132,4.34245615968,6.45376459071,6.53641776990,7.06319610385,4.90578064385,2.59944547734,1.13877642790,0.64676200385,0.49450323978,0.49797280690,36.39390998650,./0.png
28.1154168555776,38.4512972297519,"55",POI034,KURÅUNLU DERE AGÄ° (KurÅŸunlu Dere HES AGI (?) kullanÄ±larak alan oranÄ±yla uzatÄ±lan akÄ±mlar),,KURÅUNLU DERE AGÄ°,597377.32999999996,4256657.37700000033,214.57626339800,L20A1,65.30000000000,"AylÄ±k ort. akÄ±mlar m3/sn; aylÄ±k toplam akÄ±mlar hm3",0.42672112484,0.70865894079,2.78630592465,4.13821212982,4.58956862069,4.42370930166,3.17835039705,1.63773318614,0.75220607450,0.41788184426,0.31719310303,0.32937278442,1.97549278599,1.14292986076,1.83684397453,7.46284178859,11.08378736850,11.18815422560,11.84846299360,8.23828422915,4.38650456576,1.94971814510,1.11925473165,0.84957000715,0.88219206578,61.98854395620,./0.png
28.0392144413464,38.4930156159725,"56",POI036,SART DERE AGÄ° (Sart Dere HES AGI (?) kullanÄ±larak alan oranÄ±yla tamamlanan akÄ±mlar),,SART DERE AGÄ°,590675.60900000005,4261208.93900000025,104.36327792900,L20A1,59.00000000000,"AylÄ±k ort. akÄ±mlar m3/sn; aylÄ±k toplam akÄ±mlar hm3",0.16256433466,0.28571546954,1.08275405909,1.60080777866,1.76977274799,1.69408321804,1.21457936473,0.62663431523,0.28778260407,0.16056684542,0.12276668201,0.12774898078,0.76131470002,0.43541231394,0.74057449705,2.90004847186,4.28760355436,4.31442901206,4.53743249121,3.14818971337,1.67837734992,0.74593250976,0.43006223878,0.32881828109,0.34216287012,23.88904330350,./0.png
27.9548644212964,38.5550411766935,"57",POI038,AHMETLÄ° REGÃœLATÃ–R  YERÄ° SU TEMÄ°NÄ° ( HAVZADAKÄ° TÃœM BOÅALIMLAR DÄ°KKATE ALINDI),,AHMETLÄ° REGÃœLATÃ–R  YERÄ° SULAMA  AKIMLARI,583248.00000000000,4268012.00000000000,-9999.00000000000,K19C3,-9999.00000000000,"AylÄ±k ort. akÄ±mlar m3/sn; aylÄ±k toplam akÄ±mlar hm3",2.66726702993,3.80835384120,11.93337205580,12.86731487400,16.18626742700,14.68189939590,13.76880551780,11.48625327880,25.46450469250,66.63272829300,55.12400466070,16.82855257980,21.35596995350,7.14400801298,10.20029492830,31.96234371430,34.46381615840,43.35329867650,39.32399934200,36.87836869890,30.76478078190,68.20412936850,178.46909946000,147.64413408300,45.07359522960,673.48186845500,./0.png
27.442516679213,38.6431000002916,"58",POI048,GEDÄ°Z N. MANÄ°SA,E05A018,GEDÄ°Z N. MANÄ°SA,538558.20600000001,4277444.11500000022,23.00000000000,K18C2,15616.40000000000,"AylÄ±k ort. akÄ±mlar m3/sn; aylÄ±k toplam akÄ±mlar hm3",6.34225000000,9.46964285714,18.15250000000,25.73250000000,43.27892857140,38.15142857140,27.46035714290,14.44821428570,11.59753571430,21.98607142860,19.24560714290,9.03164285714,20.40805654760,16.98500000000,24.55500000000,48.62857142860,68.91071428570,105.50785714300,102.16785714300,71.13571428570,38.70500000000,30.06214285710,58.86785714290,51.55678571430,23.40528571430,640.47142857100,./0.png
27.9092305172486,38.7698984984979,"59",POI054,ILICAKSU BEÅGÃ–ZE KAYNAÄI  DEÄERLENDÄ°RÄ°LMÄ°Å AKIMLAR,,ILICAKSU BEÅGÃ–ZE KAYNAÄI,579035.30799999996,4291814.08000000007,93.52935795540,K19B3,-9999.00000000000,"AylÄ±k ort. akÄ±mlar m3/sn; aylÄ±k toplam akÄ±mlar hm3",0.23484210526,0.19377777778,0.15494285714,0.15479411765,0.20416666667,0.34050000000,0.42431578947,0.41813157895,0.41533333333,0.37218918919,0.29750000000,0.22552777778,0.26165618280,0.62900109474,0.50227200000,0.41499894857,0.41460056471,0.49802640000,0.91199520000,1.09982652632,1.11992362105,1.07654400000,0.99687152432,0.79682400000,0.58456800000,7.23909089032,./0.png
27.9291166888777,38.7452500018292,"60",POI055,,,Ã‡Ã–MLEKÃ‡Ä° REGÃœLATÃ–R YERÄ° AKIMLAR,580790.68099999998,4289096.18300000019,-9999.00000000000,K19C2,1430.50000000000,"AylÄ±k ort. akÄ±mlar m3/sn; aylÄ±k toplam akÄ±mlar hm3",0.28063129374,1.28101576279,8.54216003158,10.22618780940,12.40589599700,10.48983134920,7.19783399471,3.13402724441,0.78710593033,0.19670592251,0.05987049838,0.08692956349,4.55734961646,0.75164285714,3.32039285714,22.87932142860,27.38982142860,30.28860714290,28.09596428570,18.65678571430,8.39417857143,2.04017857143,0.52685714286,0.16035714286,0.22532142857,142.72942857100,./0.png
27.9296166889191,38.7446166680855,"61",POI056,,,Ã‡Ã–MLEKÃ‡Ä° REGÃœLATÃ–RÃœ GÃ–LMARMARA SAVAÄI,580834.84699999995,4289026.34300000034,-9999.00000000000,K19C2,-9999.00000000000,"AylÄ±k ort. akÄ±mlar m3/sn; aylÄ±k toplam akÄ±mlar hm3",1.39950716846,1.67543209877,5.69898446834,7.94365292712,11.68997217660,8.90491338112,5.44106481481,2.59840203106,2.30834876543,3.54317502987,3.38354241338,2.49757716049,4.75704770296,3.74844000000,4.34272000000,15.26416000000,21.27628000000,28.56584000000,23.85092000000,14.10324000000,6.95956000000,5.98324000000,9.49004000000,9.06248000000,6.47372000000,149.12064000000,./0.png
27.9677916296163,38.7010198705378,"62",POI058,AKPINAR KAYNAÄI  AYLIK DEÄERLENDÄ°RÄ°LMÄ°Å AKIMLAR kullanÄ±lmÄ±ÅŸ,,AKPINAR KAYNAÄI Ã‡IKIÅI,584203.57999999996,4284222.78799999971,88.97988172330,K19C2,-9999.00000000000,"AylÄ±k ort. akÄ±mlar m3/sn; aylÄ±k toplam akÄ±mlar hm3",0.35882663069,0.31582574864,0.33386083833,0.42674995872,0.56006697447,0.67615202704,0.71960975610,0.80584974771,0.73184678891,0.60537014706,0.44656932596,0.37262587524,0.49110411268,0.96108124764,0.81862034048,0.89421286939,1.14300708945,1.36478048318,1.81100558922,1.86522848780,2.15838796426,1.89694687686,1.62142340187,1.19609128265,0.96584626862,15.48102078760,./0.png
27.1733293634384,38.6283792141875,"63",POI063,EMÄ°RALEM SOL  SAHÄ°L SULAMA KANALI  SULAMA ALANLARINA  Ã‡EVRÄ°LEN AKIMLAR,,EMÄ°RALEM SOL  SAHÄ°L SULAMA KANALI,515135.00000000000,4275732.00000000000,-9999.00000000000,K18D2,-9999.00000000000,"AylÄ±k ort. akÄ±mlar m3/sn; aylÄ±k toplam akÄ±mlar hm3",1.70225806452,0.69580000000,0.00000000000,0.00000000000,0.00000000000,0.44135483871,4.90496666667,6.28683870968,5.10528410494,15.43609259260,15.78492134610,3.22916666667,9.54473827066,4.55932800000,1.80351360000,0.00000000000,0.00000000000,0.00000000000,1.18212480000,12.71367360000,16.83866880000,13.23289640000,41.34403040000,42.27833333330,8.37000000000,93.84142857140,./0.png
27.178525113532,38.628614064003,"64",POI064,EMÄ°RALEM REGÃœLATÃ–R  YERÄ°  SU TEMÄ°NÄ° ( HAVZADAKÄ° TÃœM BOÅALIMLAR DÄ°KKATE ALINDI),,EMÄ°RALEM REGÃœLATÃ–R,515587.20600000001,4275758.92700000014,12.96714884960,K18D2,-9999.00000000000,"AylÄ±k ort. akÄ±mlar m3/sn; aylÄ±k toplam akÄ±mlar hm3",14.34760771730,16.95045526450,35.25741394770,40.55699502210,51.85158505350,48.83813427300,35.22199171280,19.97607440670,13.03102031130,19.41772427530,20.30464980740,12.57327879810,27.36057754910,38.42863251010,45.40009938040,94.43345751760,108.62785546700,126.90767401300,130.80805883700,94.33858260350,53.50391769100,34.90228480190,52.00843269890,54.38397404420,33.67626993290,867.41923949700,./0.png
27.172140896877,38.6358337720574,"65",POI065,EMÄ°RALEM SAÄ SAHÄ°L SULAMA KANALI  SULAMA ALANLARINA  Ã‡EVRÄ°LEN AKIMLAR,,EMÄ°RALEM SAÄ SAHÄ°L SULAMA KANALI,515030.00000000000,4276559.00000000000,-9999.00000000000,K18D2,-9999.00000000000,"AylÄ±k ort. akÄ±mlar m3/sn; aylÄ±k toplam akÄ±mlar hm3",1.63274193548,0.66740000000,0.00000000000,0.00000000000,0.00000000000,0.03322580645,0.60586666667,3.44532258065,3.10740246914,5.73674637310,5.52792712067,1.88425925926,4.02207074586,4.37313600000,1.72990080000,0.00000000000,0.00000000000,0.00000000000,0.08899200000,1.57040640000,9.22795200000,8.05438720000,15.36530148570,14.80600000000,4.88400000000,33.92000000000,./0.png
27.2880525737268,38.6116274686753,"66",POI069,GÃœRLE KAYNAÄI  AYLIK DEÄERLENDÄ°RÄ°LMÄ°Å AKIMLAR,,GÃœRLE KAYNAÄI,525126.76000000001,4273898.24399999995,178.21254603300,K18C4,-9999.00000000000,"AylÄ±k ort. akÄ±mlar m3/sn; aylÄ±k toplam akÄ±mlar hm3",0.07643189031,0.05706626750,0.15842960808,0.28382949594,0.35124825161,0.38292206046,0.27715789474,0.26694010857,0.15588670227,0.12824637500,0.08115512537,0.05481222846,0.17484802809,0.20471517501,0.14791576537,0.42433786227,0.76020892193,0.85596537029,1.02561844674,0.71839326316,0.71497238680,0.40405833228,0.34349509081,0.21736588778,0.14207329616,5.49461096851,./0.png
26.9156390227557,38.6326541151615,"67",POI061,"Maltepe KÃ¶prÃ¼sÃ¼ Menemen (Gediz)  veri yok,",,,492705.16399999999,4276195.49199999962,9.38347869872,K18D1,-9999.00000000000,"AylÄ±k ort. akÄ±mlar m3/sn; aylÄ±k toplam akÄ±mlar hm3",-9999.00000000000,-9999.00000000000,-9999.00000000000,-9999.00000000000,-9999.00000000000,-9999.00000000000,-9999.00000000000,-9999.00000000000,-9999.00000000000,-9999.00000000000,-9999.00000000000,-9999.00000000000,-9999.00000000000,-9999.00000000000,-9999.00000000000,-9999.00000000000,-9999.00000000000,-9999.00000000000,-9999.00000000000,-9999.00000000000,-9999.00000000000,-9999.00000000000,-9999.00000000000,-9999.00000000000,-9999.00000000000,-9999.00000000000,./0.png
27.695467585232,38.4891549069015,"68",POI043,"Irlamaz dere SavaÄŸÄ± veri yok,",,,560700.95400000003,4260498.05399999954,100.99855447100,L19A2,-9999.00000000000,"AylÄ±k ort. akÄ±mlar m3/sn; aylÄ±k toplam akÄ±mlar hm3",-9999.00000000000,-9999.00000000000,-9999.00000000000,-9999.00000000000,-9999.00000000000,-9999.00000000000,-9999.00000000000,-9999.00000000000,-9999.00000000000,-9999.00000000000,-9999.00000000000,-9999.00000000000,-9999.00000000000,-9999.00000000000,-9999.00000000000,-9999.00000000000,-9999.00000000000,-9999.00000000000,-9999.00000000000,-9999.00000000000,-9999.00000000000,-9999.00000000000,-9999.00000000000,-9999.00000000000,-9999.00000000000,-9999.00000000000,./0.png
27.7338096884434,38.4329127420042,"69",POI043,"Irlamaz Ã‡atalkÃ¶prÃ¼ Ã‡ataldere Ã‡atal kÃ¶prÃ¼ akÄ±m anahtara eÄŸrisi var, uzun yÄ±llara ait akÄ±m verisi yok",,,564094.60600000003,4254283.17599999998,209.49886637200,L19A2,-9999.00000000000,"AylÄ±k ort. akÄ±mlar m3/sn; aylÄ±k toplam akÄ±mlar hm3",-9999.00000000000,-9999.00000000000,-9999.00000000000,-9999.00000000000,-9999.00000000000,-9999.00000000000,-9999.00000000000,-9999.00000000000,-9999.00000000000,-9999.00000000000,-9999.00000000000,-9999.00000000000,-9999.00000000000,-9999.00000000000,-9999.00000000000,-9999.00000000000,-9999.00000000000,-9999.00000000000,-9999.00000000000,-9999.00000000000,-9999.00000000000,-9999.00000000000,-9999.00000000000,-9999.00000000000,-9999.00000000000,-9999.00000000000,./0.png
