X,Y,NoktaNo,AltHavza_N,İl,İlçe,Köy_Mahall,X,Y,Z,Ort_YAS_Ko,Aralık__m_,Conf____,Type,icon_url
27.8344825580919,38.9778687970769,Lim-9,5.000000,Manisa,Akhisar,Medar,572330.652000,4314831.071000,116.163543,97.246599,2.000000,95.000000,obs. pts,./0.png
27.68967537936,38.8510212820089,Lim-8,5.000000,Manisa,Saruhanlı,Kayışlar,559893.761000,4300649.606000,76.158524,58.768501,2.000000,95.000000,obs. pts,./0.png
27.7345856938019,38.6968673552104,Lim-7,5.000000,Manisa,Saruhanlı,Alibeyli,563928.217000,4283573.604000,81.716114,47.584611,2.617474,95.000000,obs. pts,./0.png
27.2374931770529,38.669560671654,Lim-6,5.000000,Manisa,Muradiye,Samar,520708.220000,4280314.216000,277.529706,205.842608,2.000000,95.000000,obs. pts,./0.png
28.8596282792695,38.7725064223814,Lim-50,1.000000,Manisa,Selendi,Selendi,661597.954000,4293353.129000,537.852253,500.423847,0.240905,95.000000,obs. pts,./0.png
27.0696356952746,38.6277205010206,Lim-5,7.000000,İzmir,Menemen,Merkez,506109.192000,4275646.959000,11.196331,-10.471392,2.000000,95.000000,obs. pts,./0.png
29.0923319585215,38.9220920360245,Lim-49,1.000000,Kütahya,Pazarlar,Orhanlar,681434.847000,4310391.687000,821.341243,817.849437,0.299602,95.000000,obs. pts,./0.png
29.199131851589,38.6028518229468,Lim-48,1.000000,Uşak,Merkez,İlyaslı,691546.286000,4275178.733000,777.682142,713.821937,0.090676,95.000000,obs. pts,./0.png
28.5707713959731,38.3288594674252,Lim-47,2.000000,Manisa,Alaşehir,Badınca,637344.185000,4243649.820000,180.253633,149.145947,0.234099,95.000000,obs. pts,./0.png
28.728580378648,38.2347905743315,Lim-46,2.000000,Manisa,Sarıgöl,Yukarıkoçaklar,651333.897000,4233457.382000,221.859176,215.656177,0.200173,95.000000,obs. pts,./0.png
28.6986280497853,38.2703407260988,Lim-44,2.000000,Manisa,Sarıgöl,Tırazlar,648639.840000,4237353.811000,194.049888,157.366310,1.518319,95.000000,obs. pts,./0.png
28.7646640846926,38.2107937633202,Lim-43,2.000000,Manisa,Sarıgöl,Baharlar,654542.954000,4230854.072000,252.625146,178.523817,2.831563,95.000000,obs. pts,./0.png
28.166730059855,38.5541253103119,Lim-41,3.000000,Manisa,Salihli,Süleymaniye,601710.301000,4268123.426000,94.060036,90.159460,0.481690,95.000000,obs. pts,./0.png
28.2657006938016,38.5558395361607,Lim-40,3.000000,Manisa,Salihli,Taytan-Bezirganlı,610331.747000,4268427.767000,113.248684,108.777023,0.840405,95.000000,obs. pts,./0.png
27.3510870241628,38.6925961971734,Lim-4,5.000000,Manisa,Muradiye,Göksu Kaynakları,530580.406000,4282902.097000,24.550166,23.434594,2.000000,95.000000,obs. pts,./0.png
28.1863310186099,38.6946738519468,Lim-39,4.000000,Manisa,Salihli,Poyraz,603216.663000,4283741.961000,602.734148,589.451730,0.964823,95.000000,obs. pts,./0.png
28.0785942750577,38.343926088287,Lim-38,2.000000,İzmir,Ödemiş,Bozdağ,594303.490000,4244704.683000,1146.201255,1141.173559,1.626815,95.000000,obs. pts,./0.png
28.1170925809841,38.543244325868,Lim-37,3.000000,Manisa,Salihli,Emirhacılı,597399.708000,4266862.250000,85.916695,83.224335,0.216134,95.000000,obs. pts,./0.png
28.126761772943,38.6112095615028,Lim-36,4.000000,Manisa,Salihli,Poyrazdamları,598149.878000,4274414.542000,88.788754,74.860203,0.541637,95.000000,obs. pts,./0.png
28.213420852084,38.478286217603,Lim-35,2.000000,Manisa,Salihli,Kabazlı,605889.826000,4259760.369000,113.094697,102.436849,0.776922,95.000000,obs. pts,./0.png
28.2970651064479,38.4527292448203,Lim-34,2.000000,Manisa,Salihli,Köseali,613226.011000,4257023.836000,155.019890,118.086592,0.260151,95.000000,obs. pts,./0.png
28.3002640976777,38.5785835543703,Lim-33,3.000000,Manisa,Salihli,Dombaylı,613307.750000,4270993.713000,215.123373,112.810495,0.365377,95.000000,obs. pts,./0.png
28.4228335424481,38.4693381418953,Lim-32,2.000000,Manisa,Alaşehir,Kemaliye,624172.226000,4259028.941000,234.866812,197.405947,3.893005,95.000000,obs. pts,./0.png
28.460921691503,38.7564544530949,Lim-31,1.000000,Manisa,Demirci,Borlu,626987.990000,4290943.001000,264.914371,255.805405,0.380505,95.000000,obs. pts,./0.png
28.382801410653,38.5609737045721,Lim-30,2.000000,Manisa,Salihli,İğdecik,620526.906000,4269144.529000,446.481194,411.996217,0.022026,95.000000,obs. pts,./0.png
26.9297811505582,38.6875725391372,Lim-3,7.000000,İzmir,Foça,Ilıpınar,493940.737000,4282288.500000,64.654920,38.967464,2.000000,95.000000,obs. pts,./0.png
27.5473774725601,38.7506585547151,Lim-29,5.000000,Manisa,Saruhanlı,Adiloba,547612.572000,4289428.816000,38.614696,34.935446,2.000000,95.000000,obs. pts,./0.png
27.8186640480217,38.7844882665247,Lim-27,5.000000,Manisa,Akhisar,Sazoba,571152.922000,4293358.810000,81.696909,37.648644,4.140094,95.000000,obs. pts,./0.png
27.8895080800679,38.8195547237196,Lim-26,5.000000,Manisa,Akhisar,Sarıçalı,577268.328000,4297307.630000,109.651111,64.621178,3.558253,95.000000,obs. pts,./0.png
27.9758680888264,38.7091480367342,Lim-25,4.000000,Manisa,Gölmarmara,Beyler,584896.288000,4285132.218000,113.742694,90.575977,0.322760,95.000000,obs. pts,./0.png
27.5370697982063,38.5792649070097,Lim-24,6.000000,Manisa,Merkez,Manisa Belediyesi Su Ilıca Tesisleri Yukarıçobanisa,546828.260000,4270404.548000,33.766353,23.842724,2.000000,95.000000,obs. pts,./0.png
27.6102298589358,38.6383279544321,Lim-23,3.000000,Manisa,Saruhanlı,Koldere,553157.221000,4276998.316000,38.298835,25.195678,0.413392,95.000000,obs. pts,./0.png
27.7383878092603,38.4655421032467,Lim-22,6.000000,Manisa,Turgutlu,Osmancık,564465.172000,4257907.035000,297.810181,239.478724,2.000000,95.000000,obs. pts,./0.png
27.8244314069449,38.5044810641628,Lim-21,3.000000,Manisa,Turgutlu,Yeniköy,571933.082000,4262291.572000,82.887165,64.819376,2.000000,95.000000,obs. pts,./0.png
27.8916625665269,38.5133131909029,Lim-20,3.000000,Manisa,Ahmetli,Gökkaya,577785.826000,4263326.296000,110.179826,73.920921,2.000000,95.000000,obs. pts,./0.png
27.0211173200742,38.6130844221489,Lim-2,7.000000,İzmir,Menemen,Merkez,501886.318000,4274020.784000,6.110662,-10.339939,2.000000,95.000000,obs. pts,./0.png
27.8421475542619,38.8597825518533,Lim-19,5.000000,Manisa,Akhisar,Moralılar,573115.617000,4301732.815000,75.632720,39.494390,2.000000,95.000000,obs. pts,./0.png
27.5898141994326,38.6037454562267,Lim-18,3.000000,Manisa,Merkez,Hacıhaliller,551405.053000,4273149.217000,36.438351,33.216460,2.000000,95.000000,obs. pts,./0.png
27.786639760133,38.5613615386573,Lim-17,3.000000,Manisa,Turgutlu,Musulcalı,568583.849000,4268574.487000,98.516283,66.095349,2.000000,95.000000,obs. pts,./0.png
27.6440574505366,38.4433793444855,Lim-16,6.000000,İzmir,Kemalpaşa,Sinancılar,556252.846000,4255386.025000,138.219392,102.847668,2.000000,95.000000,obs. pts,./0.png
27.6396060537069,38.4252020957666,Lim-15,6.000000,İzmir,Kemalpaşa,Bağyurdu,555878.379000,4253366.323000,155.158886,109.797418,2.000000,95.000000,obs. pts,./0.png
27.6105389653553,38.4215281665125,Lim-14,6.000000,İzmir,Kemalpaşa,Yiğitler,553343.819000,4252941.451000,151.880291,112.592446,2.000000,95.000000,obs. pts,./0.png
27.5460852658614,38.4396080083976,Lim-11,6.000000,İzmir,Kemalpaşa,Armutlu,547705.510000,4254912.336000,111.281023,100.583960,2.000000,95.000000,obs. pts,./0.png
27.7699600098033,38.9147152293252,Lim-10,5.000000,Manisa,Akhisar,Bekirler,566800.843000,4307773.506000,126.664039,114.583567,1.023510,95.000000,obs. pts,./0.png
26.8613258573739,38.6800813532124,Lim-1,7.000000,İzmir,Foça,Bağarası,487985.792000,4281464.018000,25.796061,-3.155925,2.000000,95.000000,obs. pts,./0.png
28.3930729241718,38.4454928368463,973-S,2.000000,MANİSA,ALAŞEHİR,KEMALİYE,621615.888000,4256343.151000,122.342261,115.282261,0.520000,95.000000,obs. pts,./0.png
28.4172686288977,38.4422002429633,966-2-S,2.000000,MANİSA,ALAŞEHİR,KEMALİYE,623733.072000,4256009.981000,125.908020,113.833020,1.885000,95.000000,obs. pts,./0.png
28.4161119339412,38.4387539756903,966-1-K-S,2.000000,MANİSA,ALAŞEHİR,KEMALİYE,623638.000000,4255626.000000,127.000000,115.850000,2.000000,95.000000,obs. pts,./0.png
27.642351444808,38.4457778959784,898-2,6.000000,İZMİR,KEMALPAŞA,HALİLBEYLİ,556102.111000,4255651.136000,135.384311,100.244311,0.290000,95.000000,obs. pts,./0.png
27.6431208938648,38.4538562258223,898-1,6.000000,İZMİR,KEMALPAŞA,HALİLBEYLİ,556163.000000,4256548.000000,132.019531,104.459531,2.000000,95.000000,obs. pts,./0.png
27.5179200770113,38.4149374798605,895-2,6.000000,İZMİR,KEMALPAŞA,AŞAĞIKIZILCA,545262.855000,4252160.655000,140.779058,119.819058,2.260000,95.000000,obs. pts,./0.png
27.5167936944264,38.4125573509122,895-1,6.000000,İZMİR,KEMALPAŞA,AŞAĞIKIZILCA,545166.000000,4251896.000000,139.644882,117.844882,2.000000,95.000000,obs. pts,./0.png
28.2871303449064,38.5756207983699,85-S,3.000000,MANİSA,SALİHLİ,DOMBAYLI,612168.293000,4270648.824000,159.043620,109.208620,3.165000,95.000000,obs. pts,./0.png
27.6367498273445,38.4315131615593,855-S-2,6.000000,İZMİR,KEMALPAŞA,BAĞYURDU,555624.222000,4254064.889000,139.496119,97.621119,1.265000,95.000000,obs. pts,./0.png
27.6329703497489,38.4293356990117,855-S-1,6.000000,İZMİR,KEMALPAŞA,BAĞYURDU,555296.000000,4253821.000000,147.000000,131.600000,2.000000,95.000000,obs. pts,./0.png
27.8066436778283,38.815005106943,832-1,5.000000,MANİSA,AKHİSAR,BEYOBA,570079.000000,4296736.000000,72.751472,48.101472,2.000000,95.000000,obs. pts,./0.png
27.79212051561,38.7925350319927,831-2,5.000000,MANİSA,AKHİSAR,SAZOBA,568839.715000,4294231.459000,75.839033,35.549033,3.150000,95.000000,obs. pts,./0.png
27.8427046453388,38.8660956870558,826-2,5.000000,MANİSA,AKHİSAR,MORALILAR,573157.487000,4302433.841000,77.972733,36.517733,3.275000,95.000000,obs. pts,./0.png
27.8500849682165,38.8672515746571,826-1,5.000000,MANİSA,AKHİSAR,MORALILAR,573796.590000,4302568.048000,79.277308,37.797308,2.000000,95.000000,obs. pts,./0.png
28.5341347547309,38.5354743443187,79-1,1.000000,MANİSA,KULA,ESENYAZI,633760.004000,4266524.083000,794.731623,775.456623,0.825000,95.000000,obs. pts,./0.png
28.6237114848307,38.7433627387717,70-1,1.000000,MANİSA,DEMİRCİ,İCİKLER,641159.438000,4289728.560000,429.495355,424.710355,0.015000,95.000000,obs. pts,./0.png
28.8961139920609,38.6139435542813,57-S,1.000000,UŞAK,MERKEZ,ALANYURT,665132.000000,4275821.000000,434.486000,425.836000,0.040000,95.000000,obs. pts,./0.png
29.033033368968,38.7215259634807,53-S,1.000000,UŞAK,MERKEZ,MOLLAMUSA-KURUGEDİK,676789.077000,4288015.817000,738.290833,724.930833,0.250000,95.000000,obs. pts,./0.png
27.5668375162439,38.8054212683142,508-S,5.000000,MANİSA,SARUHANLI,ÇAKMAKLI,549265.923000,4295516.061000,158.859226,112.279226,2.850000,95.000000,obs. pts,./0.png
27.9388095880076,39.0372686646974,470-S,5.000000,MANİSA,AKHİSAR,MUSACA,581299.625000,4321510.953000,220.094587,210.214587,4.880000,95.000000,obs. pts,./0.png
27.9078779038324,38.6160465121333,446-2,4.000000,MANİSA,GÖLMARMARA,BÜYÜKBELEN,579086.937000,4274740.100000,115.487514,99.287514,2.020000,95.000000,obs. pts,./0.png
27.9161062675166,38.6127102513458,446-1,4.000000,MANİSA,GÖLMARMARA,BÜYÜKBELEN,579807.000000,4274377.000000,102.444420,87.354420,2.000000,95.000000,obs. pts,./0.png
27.7663356133215,38.7495436353558,434-S,5.000000,MANİSA,SARUHANLI,KUMKUYUCAK,566640.350000,4289441.637000,67.540481,35.450481,3.760000,95.000000,obs. pts,./0.png
28.7157748786567,38.5011997738703,371-S,1.000000,MANİSA,KULA,BAŞIBÜYÜK,649663.374000,4263000.319000,573.290708,560.360708,1.980000,95.000000,obs. pts,./0.png
28.4329708639187,38.3985740126147,351-S-2,2.000000,MANİSA,ALAŞEHİR,PİYADELER,625178.732000,4251190.027000,161.834172,130.074172,2.000000,95.000000,obs. pts,./0.png
28.4339520860186,38.3982373505041,351-S-1,2.000000,MANİSA,ALAŞEHİR,PİYADELER,625265.000000,4251154.000000,163.737610,134.327610,1.280000,95.000000,obs. pts,./0.png
28.429261602716,38.4036800283179,348-2,2.000000,MANİSA,ALAŞEHİR,PİYADELER,624846.032000,4251751.607000,153.211010,129.321010,0.390000,95.000000,obs. pts,./0.png
28.464213909235,38.377734054843,345-S,2.000000,MANİSA,ALAŞEHİR,ÇEŞNİLİ,627943.804000,4248920.302000,208.882653,159.092653,1.750000,95.000000,obs. pts,./0.png
28.883993934519,38.7490378769268,29-2,1.000000,MANİSA,SELENDİ,MERKEZ,663768.458000,4290791.905000,435.566366,432.661366,0.415000,95.000000,obs. pts,./0.png
28.3258033906495,38.9822946432934,272-2,4.000000,MANİSA,GÖRDES,KUŞLUK,614883.000000,4315827.000000,643.571350,639.201350,2.000000,95.000000,obs. pts,./0.png
28.4896868296215,38.8920124170408,259-2,1.000000,MANİSA,DEMİRCİ,ÇATALOLUK,629242.251000,4306027.064000,673.776707,661.026707,0.650000,95.000000,obs. pts,./0.png
28.4910058128397,38.8926782103534,259-1-S,1.000000,MANİSA,DEMİRCİ,ÇATALOLUK,629355.439000,4306102.821000,665.257819,595.787819,6.310000,95.000000,obs. pts,./0.png
28.2976966522209,38.5196276958488,234-S,2.000000,MANİSA,SALİHLİ,AKÖREN,613176.463000,4264448.237000,135.085785,85.850785,1.605000,95.000000,obs. pts,./0.png
28.767076350583,38.1330470460657,231-2-S,2.000000,DENİZLİ,BULDAN,BEYLER,654918.663000,4222230.647000,554.165984,545.665984,0.500000,95.000000,obs. pts,./0.png
28.7755621286075,38.1323343515968,231-1-S,2.000000,DENİZLİ,BULDAN,BEYLER,655663.948000,4222165.764000,545.274721,543.174721,2.000000,95.000000,obs. pts,./0.png
28.6022330163834,38.156729206731,207-S,2.000000,MANİSA,SARIGÖL,GÜNYAKA,640425.041000,4224596.159000,440.859009,438.919009,2.000000,95.000000,obs. pts,./0.png
29.0503410570196,38.6304362063586,153-S,1.000000,UŞAK,MERKEZ,ÖRENCİK,678520.030000,4277940.106000,584.194311,578.999311,0.265000,95.000000,obs. pts,./0.png
29.3077753575923,38.9311896345958,141-S,1.000000,KÜTAHYA,GEDİZ,ABİDE,700088.401000,4311852.277000,657.669831,655.869831,0.220000,95.000000,obs. pts,./0.png
28.9510541851654,38.9080010965136,24-1,1.000000,MANİSA,SELENDİ,TEPEEYNİHAN,669219.711000,4308556.168000,960.253464,897.353464,0.550000,95.000000,obs. pts,./0.png
27.6287669989932,38.5831762753168,"2048",3.000000,MANİSA,MERKEZ,HAMZABEYLİ-AYDEMİR ÇİFTLİĞİ,554812.469000,4270889.251000,40.416518,35.691518,0.575000,95.000000,obs. pts,./0.png
26.8753743742812,38.6586843620491,"2040",7.000000,İZMİR,FOÇA,BAĞARASI,489204.519000,4279087.933000,2.615941,1.655941,0.090000,95.000000,obs. pts,./0.png
26.7515574252975,38.661496082079,"2038",7.000000,İZMİR,FOÇA,MERKEZ-GÖNÜLCAN İNŞ. DEP.,478432.430000,4279421.847000,2.597261,1.607261,0.250000,95.000000,obs. pts,./0.png
27.4734394573767,38.6691838192573,"2037",5.000000,MANİSA,MERKEZ,VEZİROĞLU,541234.361000,4280351.969000,28.588534,24.743534,0.625000,95.000000,obs. pts,./0.png
28.4116168679323,38.6116926442728,"2036",1.000000,MANİSA,SALİHLİ,EMİNBEY,622951.113000,4274811.061000,562.521044,519.236044,7.005000,95.000000,obs. pts,./0.png
28.281271807818,38.7609925761062,"2034",4.000000,MANİSA,KÖPRÜBAŞI,KURTLAR,611370.465000,4291212.708000,503.076426,485.206426,2.000000,95.000000,obs. pts,./0.png
28.3001830373783,38.7641910388255,"2033",4.000000,MANİSA,KÖPRÜBAŞI,KAVAKYERİ,613008.575000,4291590.832000,617.551040,600.661040,13.310000,95.000000,obs. pts,./0.png
28.337238522537,38.658169821316,"2031",1.000000,MANİSA,KÖPRÜBAŞI,NEBİLER,616399.873000,4279871.744000,257.715965,250.360965,0.655000,95.000000,obs. pts,./0.png
28.3236930074971,38.6457171544692,"2030",1.000000,MANİSA,SALİHLİ,SİNDEL,615241.186000,4278472.749000,331.663839,332.463839,2.000000,95.000000,obs. pts,./0.png
28.3727618806306,38.6093626525254,"2029",1.000000,MANİSA,SALİHLİ,DELİBAŞLI,619571.899000,4274501.189000,402.484729,392.959729,0.315000,95.000000,obs. pts,./0.png
28.2837467780577,38.6597269578031,"2028",1.000000,MANİSA,SALİHLİ,ORTAKÖY-SİCİMDAMI MAH.,611743.003000,4279978.027000,581.666238,563.556238,9.500000,95.000000,obs. pts,./0.png
28.3866864725957,38.6213313271342,"2025",1.000000,MANİSA,SALİHLİ,HACIKÖSELİ,620764.277000,4275847.597000,416.504543,413.869543,0.735000,95.000000,obs. pts,./0.png
28.4117543867406,38.6125871659727,"2024",1.000000,MANİSA,SALİHLİ,EMİNBEY,622961.560000,4274910.512000,560.708014,553.103014,2.195000,95.000000,obs. pts,./0.png
28.0294673999826,38.4975315317602,"2023",3.000000,MANİSA,SALİHLİ,SART-1 NOLU ISK,589819.963000,4261700.501000,99.835683,75.375683,2.230000,95.000000,obs. pts,./0.png
28.0322744994329,38.4911189743299,"2021",3.000000,MANİSA,SALİHLİ,SART-3 NOLU ISK,590072.736000,4260991.665000,115.079837,75.409837,2.510000,95.000000,obs. pts,./0.png
28.1007366940389,38.4833100830098,"2020",3.000000,MANİSA,SALİHLİ,YILMAZ,596053.866000,4260194.320000,117.977325,91.107325,2.600000,95.000000,obs. pts,./0.png
28.2999819089084,38.5050005167446,"2019",2.000000,MANİSA,SALİHLİ,MERSİNLİ,613398.628000,4262827.886000,117.248020,90.288020,2.000000,95.000000,obs. pts,./0.png
28.1019960789617,38.4831801596949,"2018",3.000000,MANİSA,SALİHLİ,YILMAZ,596163.885000,4260181.217000,116.518027,91.473027,2.725000,95.000000,obs. pts,./0.png
28.2533537151877,38.5214479863815,"2013",2.000000,MANİSA,SALİHLİ,DURASILLI,609307.906000,4264596.625000,109.780931,99.835931,1.185000,95.000000,obs. pts,./0.png
28.2534680952293,38.4704458558329,"2011",2.000000,MANİSA,SALİHLİ,DURASILLI,609394.962000,4258937.141000,121.626641,101.781641,0.945000,95.000000,obs. pts,./0.png
28.3138397113457,38.4711189760887,"2010",2.000000,MANİSA,SALİHLİ,TORUNLU,614660.662000,4259085.257000,112.410475,105.895475,0.425000,95.000000,obs. pts,./0.png
28.4102405180933,38.4626583355767,"2009",2.000000,MANİSA,ALAŞEHİR,KEMALİYE-ZEYNEP TAVUKÇULUK,623084.943000,4258270.786000,171.901912,156.296912,5.415000,95.000000,obs. pts,./0.png
28.4419083938424,38.437615140313,"2008",2.000000,MANİSA,ALAŞEHİR,TOYGARLI,625891.454000,4255534.542000,128.064894,111.999894,3.765000,95.000000,obs. pts,./0.png
28.4389389178584,38.4165516405041,"2006",2.000000,MANİSA,ALAŞEHİR,PİYADELER,625668.771000,4253193.095000,142.798066,122.648066,2.000000,95.000000,obs. pts,./0.png
28.7108232666911,38.5279548817207,"2004",1.000000,MANİSA,KULA,KÖREZ,649176.339000,4265961.395000,545.424529,532.739529,2.375000,95.000000,obs. pts,./0.png
28.6346633056293,38.5414382340015,"2003",1.000000,MANİSA,KULA,MERKEZ-GÜLTEKİN ÖZKURT KUYUSU,642510.630000,4267336.914000,666.025841,656.700841,0.225000,95.000000,obs. pts,./0.png
28.4927240420619,38.5827202128037,"2000",1.000000,MANİSA,KULA,GÖKÇEÖREN-FADİME ESEN KUYUSU,630065.376000,4271707.636000,688.635454,674.060454,0.425000,95.000000,obs. pts,./0.png
27.286233132148,38.750253789835,"1504",5.000000,MANİSA,MERKEZ,ÇAMLICA,524920.322000,4289280.568000,206.161238,180.561238,2.870000,95.000000,obs. pts,./0.png
27.8066403969892,38.8150328396121,"1503",5.000000,MANİSA,AKHİSAR,BEYOBA,570078.688000,4296739.075000,72.935068,48.740068,0.195000,95.000000,obs. pts,./0.png
27.7867875508453,38.5558802717413,"1020",3.000000,MANİSA,TURGUTLU,MUSACALI,568601.932000,4267966.364000,69.029493,48.914493,0.595000,95.000000,obs. pts,./0.png
28.296010877609,38.5219527297124,"1013",2.000000,MANİSA,SALİHLİ,AKÖREN,613025.862000,4264704.172000,134.333156,83.103156,4.820000,95.000000,obs. pts,./0.png
28.2734052138127,38.548455847858,"1012",3.000000,MANİSA,SALİHLİ,TAYTAN,611014.439000,4267617.676000,127.902999,101.222999,3.250000,95.000000,obs. pts,./0.png
28.2944715032634,38.457121661345,"1007",2.000000,MANİSA,SALİHLİ,KÖSEALİ,612992.842000,4257508.070000,139.690906,110.230906,0.180000,95.000000,obs. pts,./0.png
27.4147659528811,38.4348575706079,"990",6.000000,İZMİR,KEMALPAŞA,MERKEZ,536247.389000,4254325.474000,177.813804,165.103804,1.240000,95.000000,obs. pts,./0.png
28.5933820557995,38.3950298037108,"985",2.000000,MANİSA,ALAŞEHİR,CABERFAKILI,639193.862000,4251026.576000,188.807930,96.567930,2.000000,95.000000,obs. pts,./0.png
28.5691261141676,38.3285255591059,"983",2.000000,MANİSA,ALAŞEHİR,BADINCA,637200.997000,4243610.322000,181.252672,149.097672,0.015000,95.000000,obs. pts,./0.png
28.5868052178318,38.3327329020245,"970",2.000000,MANİSA,ALAŞEHİR,SOBRAN,638738.351000,4244103.609000,162.742634,149.267634,0.465000,95.000000,obs. pts,./0.png
28.5840230281189,38.355935047313,"969",2.000000,MANİSA,ALAŞEHİR,ILGIN,638450.994000,4246674.159000,154.942023,138.297023,0.395000,95.000000,obs. pts,./0.png
28.5939070965841,38.395673342447,"968",2.000000,MANİSA,ALAŞEHİR,CABERFAKILI,639238.481000,4251098.782000,189.965175,97.385175,2.000000,95.000000,obs. pts,./0.png
28.5766654705182,38.3767603187577,"967",2.000000,MANİSA,ALAŞEHİR,ILGIN,637768.611000,4248974.123000,150.113456,129.813456,1.770000,95.000000,obs. pts,./0.png
28.3131372448391,38.4497383221389,"962",2.000000,MANİSA,SALİHLİ,KÖSEALİ,614633.207000,4256711.809000,144.380464,115.145464,0.025000,95.000000,obs. pts,./0.png
28.0002551688315,38.6809024236381,"953",4.000000,MANİSA,GÖLMARMARA,KILCANLAR,587050.924000,4282020.679000,84.041995,79.601995,0.810000,95.000000,obs. pts,./0.png
27.9693426875144,38.7038642529145,"952",4.000000,MANİSA,GÖLMARMARA,AKPINAR,584335.118000,4284539.854000,92.853073,84.568073,0.115000,95.000000,obs. pts,./0.png
28.0872815752065,38.5817786956083,"950",3.000000,MANİSA,SALİHLİ,PAZARKÖY,594751.089000,4271107.187000,78.248116,75.328116,0.800000,95.000000,obs. pts,./0.png
27.7867449325023,38.5613744666527,"949",3.000000,MANİSA,TURGUTLU,MUSACALI,568593.000000,4268576.000000,97.691887,65.101887,2.000000,95.000000,obs. pts,./0.png
27.7073255099417,38.5487431662594,"948",3.000000,MANİSA,TURGUTLU,MERKEZ,561684.280000,4267118.122000,45.412611,43.812611,0.230000,95.000000,obs. pts,./0.png
27.8189871508844,38.7962144180011,"940",5.000000,MANİSA,AKHİSAR,SAZOBA,571169.332000,4294660.316000,77.891694,50.301694,2.710000,95.000000,obs. pts,./0.png
27.7755976911128,38.8167040883742,"938",5.000000,MANİSA,AKHİSAR,BEYOBA,567382.013000,4296901.207000,71.603041,36.088041,2.915000,95.000000,obs. pts,./0.png
27.7467837058981,38.7652233742302,"936",5.000000,MANİSA,SARUHANLI,NURİYE,564927.121000,4291167.563000,75.907707,31.927707,4.830000,95.000000,obs. pts,./0.png
27.6268705420632,38.6501381771293,"935",3.000000,MANİSA,SARUHANLI,KOLDERE,554596.548000,4278318.619000,63.271125,56.941125,2.000000,95.000000,obs. pts,./0.png
27.5964050375129,38.7521753597533,"934",5.000000,MANİSA,SARUHANLI,HACIRAHMANLI,551871.794000,4289623.752000,47.700689,35.290689,0.130000,95.000000,obs. pts,./0.png
27.6228450932269,38.4408879982505,"932",6.000000,İZMİR,KEMALPAŞA,BAĞYURDU,554403.556000,4255096.853000,118.925044,103.610044,4.735000,95.000000,obs. pts,./0.png
27.4866895248935,38.4272688690054,"931",6.000000,İZMİR,KEMALPAŞA,YUKARIKIZILCA,542529.151000,4253514.115000,137.838154,122.498154,1.370000,95.000000,obs. pts,./0.png
27.5393543719123,38.4157625002016,"930",6.000000,İZMİR,KEMALPAŞA,ARMUTLU,547133.572000,4252262.929000,132.614949,114.794949,0.570000,95.000000,obs. pts,./0.png
27.5914439065268,38.42378519752,"929",6.000000,İZMİR,KEMALPAŞA,ÖREN,551675.326000,4253181.030000,135.481161,106.731161,2.000000,95.000000,obs. pts,./0.png
27.6411041423239,38.4491001860304,"928",6.000000,İZMİR,KEMALPAŞA,SİNANCILAR,555990.700000,4256019.029000,131.042032,92.192032,2.530000,95.000000,obs. pts,./0.png
27.6340094900976,38.4410138484969,"927",6.000000,İZMİR,KEMALPAŞA,BAĞYURDU,555377.787000,4255117.462000,125.145941,95.030941,0.195000,95.000000,obs. pts,./0.png
27.3516944183808,38.6935349354963,"923",5.000000,MANİSA,MURADİYE,GÖKSU,530632.829000,4283006.468000,22.376582,0.471582,21.075000,95.000000,obs. pts,./0.png
27.3289911864685,38.6935312775505,"922",5.000000,MANİSA,MURADİYE,ÇULLU ÇİFTLİĞİ,528658.444000,4282998.730000,25.536480,22.681480,0.685000,95.000000,obs. pts,./0.png
26.9295494382566,38.5813672937069,"916",7.000000,İZMİR,MENEMEN,E.Ü. ZİRAAT FAK.,493911.537000,4270503.460000,2.548800,-4.446200,0.285000,95.000000,obs. pts,./0.png
26.9095030179164,38.5345606067738,"915",7.000000,İZMİR,MENEMEN,SÜZBEYLİ,492160.374000,4265311.157000,0.444296,-3.400704,0.285000,95.000000,obs. pts,./0.png
27.728761421337,38.7010887493495,"912",5.000000,MANİSA,SARUHANLI,ALİBEYLİ,563418.000000,4284038.000000,78.195107,44.315107,2.000000,95.000000,obs. pts,./0.png
28.6618656899966,38.1746909433484,"904",2.000000,MANİSA,SARIGÖL,DADAĞLI,645614.277000,4226681.299000,628.748254,534.468254,2.000000,95.000000,obs. pts,./0.png
28.2443147845951,38.5559406755104,"902",3.000000,MANİSA,SALİHLİ,ADALA,608468.116000,4268413.545000,108.122443,102.447443,0.375000,95.000000,obs. pts,./0.png
27.5729052611415,38.79072939836,"886",5.000000,MANİSA,SARUHANLI,KEPENEKLİ,549803.000000,4293889.000000,86.000000,86.320000,2.000000,95.000000,obs. pts,./0.png
27.7148490673863,38.7648322442971,"885",5.000000,MANİSA,SARUHANLI,NURİYE,562153.000000,4291102.000000,69.000000,36.090000,2.000000,95.000000,obs. pts,./0.png
28.2694651589401,38.5546861300502,"862",3.000000,MANİSA,SALİHLİ,TAYTAN,610661.535000,4268304.298000,122.616869,98.941869,1.085000,95.000000,obs. pts,./0.png
27.5781707195613,38.4627096507152,"860",6.000000,İZMİR,KEMALPAŞA,NİF AGREGA TESİSLERİ,550489.592000,4257492.837000,81.640280,78.825280,0.835000,95.000000,obs. pts,./0.png
27.5808405081144,38.4605891004685,"859",6.000000,İZMİR,KEMALPAŞA,ARMUTLU,550724.000000,4257259.000000,90.000000,88.020000,2.000000,95.000000,obs. pts,./0.png
27.6543284454114,38.4480522029665,"858",6.000000,İZMİR,KEMALPAŞA,HALİLBEYLİ,557145.493000,4255910.854000,150.186892,107.086892,1.640000,95.000000,obs. pts,./0.png
27.5650445536442,38.4311212033722,"853",6.000000,İZMİR,KEMALPAŞA,ÖREN,549365.902000,4253980.595000,123.774999,93.544999,2.260000,95.000000,obs. pts,./0.png
27.5789160995111,38.4396316595997,"851",6.000000,İZMİR,KEMALPAŞA,ÖREN,550570.713000,4254932.449000,111.130847,97.505847,0.105000,95.000000,obs. pts,./0.png
27.5966908617567,38.4378123038822,"850",6.000000,İZMİR,KEMALPAŞA,ÖREN,552123.264000,4254740.463000,117.440737,102.360737,1.270000,95.000000,obs. pts,./0.png
27.490046313286,38.4265931659211,"846",6.000000,MANİSA,KEMALPAŞA,YUKARI KIZILCA,542822.553000,4253440.690000,135.719600,122.179600,1.430000,95.000000,obs. pts,./0.png
27.4822792943584,38.4251173475918,"845",6.000000,MANİSA,KEMALPAŞA,YUKARI KIZILCA,542145.445000,4253273.355000,142.160628,124.825628,1.545000,95.000000,obs. pts,./0.png
27.4815043792016,38.41791163579,"844",6.000000,MANİSA,KEMALPAŞA,YUKARI KIZILCA,542081.979000,4252473.443000,151.270329,129.245329,2.325000,95.000000,obs. pts,./0.png
27.6893836445405,38.4938433020182,"842",6.000000,MANİSA,TURGUTLU,KANALET FABRIKASI,560166.459000,4261014.306000,96.672759,27.172759,20.370000,95.000000,obs. pts,./0.png
27.9707895870825,38.377110473244,"836",3.000000,MANİSA,SALİHLİ,YENİKÖY,584843.759000,4248282.395000,960.898987,943.983987,10.625000,95.000000,obs. pts,./0.png
27.9006665874866,38.7915949733188,"833",5.000000,MANİSA,AKHİSAR,AKÇEŞME,578267.613000,4294214.393000,94.219965,70.089965,5.120000,95.000000,obs. pts,./0.png
27.832287800274,38.7794344803127,"830",5.000000,MANİSA,AKHİSAR,SAZOBA,572341.335000,4292808.670000,84.149575,56.194575,2.295000,95.000000,obs. pts,./0.png
27.795862436867,38.797595552976,"829",5.000000,MANİSA,AKHİSAR,SAZOBA,569159.800000,4294795.848000,75.654398,36.259398,3.955000,95.000000,obs. pts,./0.png
27.8529269106528,38.8637409247483,"827",5.000000,MANİSA,AKHİSAR,MORALILAR,574046.785000,4302180.764000,78.237245,37.712245,0.425000,95.000000,obs. pts,./0.png
27.6667522403686,38.8605664958286,"825",5.000000,MANİSA,SARUHNLI,YENİOSMANİYE,557896.873000,4301694.074000,88.879971,75.054971,1.335000,95.000000,obs. pts,./0.png
27.7714769464383,39.0195631268598,"824",5.000000,MANİSA,AKHİSAR,ÇOBANHASAN,566833.826000,4319409.939000,149.018696,135.308696,0.340000,95.000000,obs. pts,./0.png
27.8146203388822,38.9581775902118,"821",5.000000,MANİSA,AKHİSAR,MEDAR,570629.703000,4312630.291000,104.508513,92.428513,0.700000,95.000000,obs. pts,./0.png
27.8295000768874,38.9736974758935,"820",5.000000,MANİSA,AKHİSAR,MEDAR,571903.279000,4314364.221000,112.700020,95.780020,2.000000,95.000000,obs. pts,./0.png
27.7850556069317,38.921280504085,"819",5.000000,MANİSA,AKHİSAR,BEKİRLER,568103.328000,4308513.228000,90.160842,85.190842,1.000000,95.000000,obs. pts,./0.png
27.764433631843,38.9521025177,"818",5.000000,MANİSA,AKHİSAR,EROĞLU,566286.929000,4311918.443000,103.373650,91.143650,1.120000,95.000000,obs. pts,./0.png
27.6836930686057,38.8934231758337,"816",5.000000,MANİSA,AKHİSAR,MECİDİYE-SULAMA KUYUSU,559339.406000,4305351.088000,99.927358,90.742358,1.065000,95.000000,obs. pts,./0.png
27.7071538407293,38.7568999482461,"815",5.000000,MANİSA,SARUHANLI,LÜTFİYE-IZSU SARIKIZ 7 NOLU KUYU,561491.243000,4290216.565000,49.804630,35.674630,2.420000,95.000000,obs. pts,./0.png
27.5577290164389,38.731342789662,"812",5.000000,MANİSA,SARUHANLI,MERKEZ,548525.141000,4287290.813000,38.217827,33.362827,0.435000,95.000000,obs. pts,./0.png
28.2458101057801,38.4103624882565,"804",2.000000,MANİSA,SALİHLİ,ÇAKALDOĞANLAR,608817.032000,4252260.790000,512.118018,472.788018,9.490000,95.000000,obs. pts,./0.png
28.2072110347555,38.4123594237487,"803",2.000000,MANİSA,SALİHLİ,DAMATLI,605444.005000,4252437.553000,730.833649,728.778649,0.125000,95.000000,obs. pts,./0.png
28.1162604338171,38.4255690022022,"801",2.000000,MANİSA,SALİHLİ,BAHÇECİK,597485.525000,4253803.310000,700.129423,688.859423,0.300000,95.000000,obs. pts,./0.png
28.0359762749035,38.3589933912203,"799",3.000000,İZMİR,ÖDEMİŞ,BAYIRLI-BOĞAZ MAH.,590560.352000,4246333.965000,1055.232479,1051.092479,0.640000,95.000000,obs. pts,./0.png
28.0849057053498,38.3400573263875,"798",2.000000,İZMİR,ÖDEMİŞ,BOZDAĞ,594860.089000,4244281.851000,1214.964597,1213.324597,0.160000,95.000000,obs. pts,./0.png
28.0878487519369,38.4365584682335,"797",2.000000,MANİSA,SALİHLİ,ALLAHDİYEN,594991.023000,4254993.111000,629.284846,608.484846,1.550000,95.000000,obs. pts,./0.png
28.0661233868172,38.43756071481,"796",3.000000,MANİSA,SALİHLİ,GÖKKÖY,593093.580000,4255082.166000,597.660171,560.710171,27.460000,95.000000,obs. pts,./0.png
27.914606590619,38.4490336957023,"795",3.000000,MANİSA,AHMETLİ,BAHÇECİK,579857.056000,4256213.145000,736.464945,714.219945,2.085000,95.000000,obs. pts,./0.png
27.9088009869807,38.3950811356752,"787",3.000000,İZMİR,ÖDEMİŞ,HORZUM-CENNET ER KUYUSU,579409.464000,4250221.336000,781.438402,781.438402,2.000000,95.000000,obs. pts,./0.png
27.8478979463098,38.4225272513953,"783",3.000000,MANİSA,TURGUTLU,SİVRİCE,574062.969000,4253216.207000,663.495990,662.605990,0.430000,95.000000,obs. pts,./0.png
27.8058536466792,38.4181538518122,"782",3.000000,MANİSA,TURGUTLU,AYVACIK,570397.000000,4252698.000000,599.000000,593.710000,1.920000,95.000000,obs. pts,./0.png
27.8092292440483,38.4533150641512,"780",3.000000,MANİSA,TURGUTLU,KURUDERE,570657.428000,4256602.198000,336.410561,325.360561,4.470000,95.000000,obs. pts,./0.png
27.8169852772191,38.4657845307734,"779",3.000000,MANİSA,TURGUTLU,ÇIKRIKÇI,571321.922000,4257991.835000,151.320483,142.145483,2.995000,95.000000,obs. pts,./0.png
27.7254502124949,38.4406923036052,"770",6.000000,MANİSA,TURGUTLU,AŞAĞIBOZLAR,563358.188000,4255140.645000,193.105087,187.925087,0.070000,95.000000,obs. pts,./0.png
27.8139939988694,38.3570010152245,"768",3.000000,MANİSA,TURGUTLU,HACIİSALAR,571167.515000,4245918.553000,781.414295,749.754295,1.740000,95.000000,obs. pts,./0.png
27.7934984134844,38.4014694225482,"766",3.000000,MANİSA,TURGUTLU,DAĞYENİ,569334.331000,4250837.289000,638.046413,637.266413,0.380000,95.000000,obs. pts,./0.png
27.7778198963689,38.394037577527,"765",3.000000,MANİSA,TURGUTLU,ÇAYIRALAN,567972.252000,4250000.969000,753.943641,745.543641,2.000000,95.000000,obs. pts,./0.png
27.7982649675492,38.4048868180372,"764",3.000000,MANİSA,TURGUTLU,GÜNEYKÖY-2,569747.260000,4251220.085000,624.680644,607.410644,13.790000,95.000000,obs. pts,./0.png
27.8007135499337,38.4091495476351,"763",3.000000,MANİSA,TURGUTLU,GÜNEYKÖY-1,569956.951000,4251694.944000,611.777475,585.957475,4.360000,95.000000,obs. pts,./0.png
27.7509717184858,38.433348504307,"762",6.000000,MANİSA,TURGUTLU,YUKARIBOZKÖY,565592.131000,4254343.595000,320.578926,296.453926,0.465000,95.000000,obs. pts,./0.png
27.7214496174895,38.4130902314161,"760",6.000000,MANİSA,TURGUTLU,GÖKGEDİK,563033.021000,4252075.096000,555.166367,555.166367,2.000000,95.000000,obs. pts,./0.png
27.7007969520014,38.4447937697366,"759",6.000000,MANİSA,TURGUTLU,ÇEPNİBEKTAŞ,561203.200000,4255579.107000,200.503814,184.738814,2.635000,95.000000,obs. pts,./0.png
27.6753726034328,38.4666296539302,"758",6.000000,MANİSA,TURGUTLU,ÇEPNİDERE,558966.744000,4257985.520000,143.540173,125.455173,0.275000,95.000000,obs. pts,./0.png
28.059976658923,38.5342673004333,"754",3.000000,MANİSA,SALİHLİ,ÇAYKÖY,592433.546000,4265807.159000,79.244548,75.374548,0.080000,95.000000,obs. pts,./0.png
28.099609719392,38.550941428629,"752",3.000000,MANİSA,SALİHLİ,ÇÖKELEK-SULAMA KUYUSU,595865.860000,4267698.013000,82.053192,77.033192,3.980000,95.000000,obs. pts,./0.png
28.1029046439558,38.5422760210644,"751",3.000000,MANİSA,SALİHLİ,ÇÖKELEK,596164.518000,4266739.871000,83.351497,81.336497,0.425000,95.000000,obs. pts,./0.png
28.1344487278088,38.5467594668062,"749",3.000000,MANİSA,SALİHLİ,ELDELEK,598907.485000,4267270.840000,87.474853,85.019853,0.445000,95.000000,obs. pts,./0.png
28.2058979761455,38.5284832156646,"745",2.000000,MANİSA,SALİHLİ,TAYTAN,605160.613000,4265322.007000,97.727014,95.132014,1.995000,95.000000,obs. pts,./0.png
28.1902877702142,38.5096789766835,"743",2.000000,MANİSA,SALİHLİ,YAVUZ SELİM URHAN KUYUSU,603826.897000,4263217.609000,95.041778,90.116778,0.265000,95.000000,obs. pts,./0.png
27.8963258641915,38.5424479982386,"742",3.000000,MANİSA,AHMETLİ,SEYDİKÖY,578160.888000,4266563.218000,66.500208,55.720208,2.000000,95.000000,obs. pts,./0.png
27.8802907359875,38.5374836815716,"741",3.000000,MANİSA,AHMETLİ,KARAKÖY,576768.706000,4265998.846000,63.913238,53.223238,2.000000,95.000000,obs. pts,./0.png
27.8378733606326,38.5467329275466,"739",3.000000,MANİSA,TURGUTLU,URGANLI,573062.446000,4266990.658000,56.033509,51.738509,0.205000,95.000000,obs. pts,./0.png
27.7043480445411,38.5198357337804,"735",6.000000,MANİSA,TURGUTLU,MERKEZ-KISMALI-SULAMA KUY.,561449.388000,4263908.420000,59.405607,41.665607,1.020000,95.000000,obs. pts,./0.png
27.7143693747519,38.5521560271332,"733",3.000000,MANİSA,TURGUTLU,MERKEZ-SULAMA KUY.,562295.148000,4267501.577000,46.863782,43.493782,0.370000,95.000000,obs. pts,./0.png
27.8415967383398,38.4913157085121,"726",3.000000,MANİSA,TURGUTLU,AKÇAPINAR,573443.175000,4260844.227000,101.905633,66.350633,0.895000,95.000000,obs. pts,./0.png
27.7896205023949,38.5015481488014,"724",3.000000,MANİSA,TURGUTLU,DERBENT,568900.536000,4261939.502000,77.790024,65.215024,0.575000,95.000000,obs. pts,./0.png
27.7615240384311,38.4990283009609,"723",3.000000,MANİSA,TURGUTLU,AVŞAR,566452.882000,4261639.241000,78.023348,47.418348,0.875000,95.000000,obs. pts,./0.png
27.937936444262,38.5422651991709,"720",3.000000,MANİSA,AHMETLİ,ATAKÖY,581787.449000,4266579.106000,70.429144,60.994144,0.125000,95.000000,obs. pts,./0.png
27.9457784891609,38.5181856526764,"719",3.000000,MANİSA,AHMETLİ,YARAŞLI,582498.363000,4263914.088000,80.805821,66.660821,0.135000,95.000000,obs. pts,./0.png
28.0016687603474,38.5047182723462,"717",3.000000,MANİSA,SALİHLİ,MERSİNDERE,587387.114000,4262471.236000,128.210976,70.355976,1.615000,95.000000,obs. pts,./0.png
28.0246370246048,38.4994683064308,"716",3.000000,MANİSA,SALİHLİ,MERSİNDERE,589396.339000,4261910.717000,95.648391,73.353391,2.935000,95.000000,obs. pts,./0.png
28.0439582940692,38.5066065185424,"715",3.000000,MANİSA,SALİHLİ,KAPANCI,591072.213000,4262721.756000,91.699443,78.459443,2.000000,95.000000,obs. pts,./0.png
28.0562424336219,38.4794329397447,"714",3.000000,MANİSA,SALİHLİ,HASANALAN,592177.918000,4259718.623000,123.265438,86.985438,2.300000,95.000000,obs. pts,./0.png
28.0684809631841,38.472385105077,"712",3.000000,MANİSA,SALİHLİ,CAFERBEY,593254.520000,4258948.869000,137.090262,89.680262,2.000000,95.000000,obs. pts,./0.png
28.0953301586632,38.4850746635712,"710",3.000000,MANİSA,SALİHLİ,MERKEZ,595579.966000,4260384.505000,119.655309,90.685309,2.320000,95.000000,obs. pts,./0.png
28.1661874772337,38.4749830848531,"709",2.000000,MANİSA,SALİHLİ,MERKEZ-GÜMÜŞÇAY MVK.,601774.351000,4259340.585000,121.622819,90.932819,2.000000,95.000000,obs. pts,./0.png
28.2541855120947,38.4560422327749,"704",2.000000,MANİSA,SALİHLİ,KABAZLI,609479.315000,4257339.656000,149.866263,122.596263,1.060000,95.000000,obs. pts,./0.png
28.2050794955768,38.4676671981647,"699",2.000000,MANİSA,SALİHLİ,KABAZLI,605177.639000,4258572.447000,138.481302,104.116302,1.815000,95.000000,obs. pts,./0.png
27.029110039361,38.5088807658726,"698",7.000000,İZMİR,MENEMEN,KATİP ÇELEBİ ÜNİ.,502585.842000,4262458.172000,2.480835,-4.959165,0.010000,95.000000,obs. pts,./0.png
27.0004040340239,38.5687045348949,"694",7.000000,İZMİR,MENEMEN,GÜNERLİ,500083.000000,4269096.000000,10.000000,-2.760000,1.520000,95.000000,obs. pts,./0.png
27.0410890514868,38.525679447453,"689",7.000000,İZMİR,ÇİĞLİ,HARMANDALI,503629.433000,4264322.597000,14.885879,3.545879,1.020000,95.000000,obs. pts,./0.png
26.8265173774379,38.6605660708985,"687",7.000000,İZMİR,FOÇA,ESKİ BAĞARASI,484954.018000,4279303.646000,34.281387,6.911387,1.040000,95.000000,obs. pts,./0.png
26.8410060380368,38.6763159285461,"686",7.000000,İZMİR,FOÇA,ESKİ BAĞARASI,486217.629000,4281049.054000,17.459303,10.454303,0.475000,95.000000,obs. pts,./0.png
26.839990398985,38.6682442301895,"685",7.000000,İZMİR,FOÇA,YENİ BAĞARASI,486127.720000,4280153.526000,18.232763,0.442763,9.340000,95.000000,obs. pts,./0.png
26.8648135372593,38.6585287239608,"683",7.000000,İZMİR,FOÇA,ESKİ BAĞARASI,488285.628000,4279071.964000,4.653574,1.823574,0.470000,95.000000,obs. pts,./0.png
26.8615073322285,38.6668013387384,"682",7.000000,İZMİR,FOÇA,ESKİ BAĞARASI,487999.351000,4279990.368000,8.252750,6.997750,0.475000,95.000000,obs. pts,./0.png
26.9268185809576,38.6415338841513,"680",7.000000,İZMİR,MENEMEN,MALTEPE,493679.000000,4277180.000000,5.000000,4.370000,1.210000,95.000000,obs. pts,./0.png
26.9639556217986,38.6566899521194,"679",7.000000,İZMİR,FOÇA,GERENKÖY-ÇİFTLİKÖNÜ,496911.608000,4278859.872000,9.533125,3.733125,0.200000,95.000000,obs. pts,./0.png
26.9509879404646,38.6490543620613,"677",7.000000,İZMİR,FOÇA,GERENKÖY,495782.847000,4278013.110000,5.840884,1.640884,0.250000,95.000000,obs. pts,./0.png
26.9381216797969,38.6430369698835,"676",7.000000,İZMİR,MENEMEN,MALTEPE,494662.794000,4277346.066000,7.110812,3.580812,0.280000,95.000000,obs. pts,./0.png
26.8982954247849,38.665250789807,"675",7.000000,İZMİR,FOÇA,GERENKÖY,491199.616000,4279814.119000,12.199589,-30.930411,1.870000,95.000000,obs. pts,./0.png
26.9204326087891,38.6893722325578,"674",7.000000,İZMİR,FOÇA,ILIPINAR,493127.850000,4282488.869000,74.464217,34.819217,3.765000,95.000000,obs. pts,./0.png
27.0095576284801,38.6006497018291,"673",7.000000,İZMİR,MENEMEN,SEYREK,500880.052000,4272640.805000,5.359859,-10.900141,0.440000,95.000000,obs. pts,./0.png
27.0894027561003,38.6103710917317,"669",7.000000,İZMİR,MENEMEN,YAHŞELLİ,507831.677000,4273723.279000,13.893504,6.723504,0.100000,95.000000,obs. pts,./0.png
27.2295710261376,38.6175203508715,"668",5.000000,İZMİR,MENEMEN,ÇALTI,520033.491000,4274537.793000,250.947434,136.682434,2.035000,95.000000,obs. pts,./0.png
27.1645523634984,38.6026851113494,"667",7.000000,İZMİR,MENEMEN,GÖKTEPE,514376.129000,4272879.457000,255.313361,252.743361,2.000000,95.000000,obs. pts,./0.png
27.0741048753375,38.61400839918,"666",7.000000,İZMİR,MENEMEN,MERKEZ-K1,506499.437000,4274125.705000,11.235665,-10.329335,0.085000,95.000000,obs. pts,./0.png
27.0366431208955,38.6206471411402,"663",7.000000,İZMİR,MENEMEN,MERKEZ,503237.690000,4274860.403000,7.172244,-11.832756,1.035000,95.000000,obs. pts,./0.png
27.0087851473061,38.634235789599,"660",7.000000,İZMİR,MENEMEN,MUSABEY-ÇAVUŞKÖY,500812.430000,4276367.664000,5.953884,-14.341116,1.405000,95.000000,obs. pts,./0.png
26.9919786371478,38.6424077211057,"659",7.000000,İZMİR,MENEMEN,MUSABEY-6,499349.731000,4277274.456000,6.424515,-5.345485,6.920000,95.000000,obs. pts,./0.png
27.0012351104129,38.6388627368242,"657",7.000000,İZMİR,MENEMEN,MUSABEY-2,500155.295000,4276881.057000,6.353491,-15.671509,0.655000,95.000000,obs. pts,./0.png
26.9558732986962,38.7212306131211,"656",7.000000,İZMİR,ALİAĞA,BOZKÖY,496211.819000,4286021.994000,116.820540,69.140540,0.690000,95.000000,obs. pts,./0.png
27.0060179320383,38.7166859065624,"654",7.000000,İZMİR,ALİAĞA,HELVACI,500570.981000,4285516.777000,41.687684,34.447684,1.260000,95.000000,obs. pts,./0.png
27.0313237713166,38.6925165398877,"653",7.000000,İZMİR,MENEMEN,TÜRKELİ,502771.902000,4282835.242000,60.526741,57.316741,0.500000,95.000000,obs. pts,./0.png
27.0165958613346,38.6859061131591,"652",7.000000,İZMİR,ALİAĞA,HELVACI,501491.209000,4282101.375000,28.952762,7.567762,1.425000,95.000000,obs. pts,./0.png
27.0166790605323,38.6814068152087,"651",7.000000,İZMİR,MENEMEN,TÜRKELİ,501498.536000,4281602.108000,21.835910,10.810910,2.015000,95.000000,obs. pts,./0.png
27.0196502450942,38.6733202249212,"650",7.000000,İZMİR,MENEMEN,BURUNCUK,501757.160000,4280704.825000,15.127571,9.857571,0.500000,95.000000,obs. pts,./0.png
27.094075837367,38.6441777483464,"649",7.000000,İZMİR,MENEMEN,DOĞA,508234.695000,4277475.034000,15.441458,-4.598542,0.310000,95.000000,obs. pts,./0.png
27.106228079688,38.6369757651515,"648",7.000000,İZMİR,MENEMEN,HAYKIRAN,509293.162000,4276677.020000,15.978340,-11.066660,2.465000,95.000000,obs. pts,./0.png
27.1607734284225,38.6354192781396,"646",7.000000,İZMİR,MENEMEN,GÖRECE,514040.718000,4276511.211000,17.408243,9.288243,0.480000,95.000000,obs. pts,./0.png
27.1690639088246,38.6459025836673,"645",7.000000,İZMİR,MENEMEN,SÜLEYMANLI,514760.137000,4277675.789000,37.257713,13.742713,3.325000,95.000000,obs. pts,./0.png
27.1598385252887,38.6292965080941,"644",7.000000,İZMİR,MENEMEN,EMİRALEM,513960.532000,4275831.656000,16.965789,8.935789,0.700000,95.000000,obs. pts,./0.png
27.2850909044851,38.4996123980775,"639",6.000000,İZMİR,BORNOVA,ÇİÇEKLİ,524907.454000,4261467.832000,298.367991,196.257991,11.530000,95.000000,obs. pts,./0.png
27.5341561591414,38.5561157771063,"635",6.000000,MANİSA,MERKEZ,SANCAKLIÇEŞMEBAŞI,546589.402000,4267834.332000,370.322429,321.862429,2.150000,95.000000,obs. pts,./0.png
27.562138303984,38.5263203088307,"633",6.000000,MANİSA,MERKEZ,KARAOĞLANLI,549047.746000,4264542.637000,170.035722,145.300722,1.245000,95.000000,obs. pts,./0.png
27.5566493344877,38.5292258787431,"631",6.000000,MANİSA,MERKEZ,KARAOĞLANLI,548567.334000,4264862.141000,210.183012,169.453012,2.000000,95.000000,obs. pts,./0.png
27.5447185167111,38.5258148031796,"630",6.000000,MANİSA,MERKEZ,KARAOĞLANLI,547529.636000,4264477.408000,246.198689,200.208689,3.220000,95.000000,obs. pts,./0.png
27.5630622460508,38.5581698384117,"629",6.000000,MANİSA,MERKEZ,AŞAĞIÇOBANİSA,549106.642000,4268077.292000,64.061131,35.311131,0.200000,95.000000,obs. pts,./0.png
27.5561255952978,38.564489097047,"628",6.000000,MANİSA,MERKEZ,YUKARIÇOBANİSA,548498.014000,4268774.827000,53.339624,35.784624,0.215000,95.000000,obs. pts,./0.png
27.5190135744732,38.52024892552,"627",6.000000,MANİSA,MERKEZ,SANCAKLIUZUNÇINAR,545292.467000,4263846.841000,363.490715,330.125715,0.485000,95.000000,obs. pts,./0.png
27.5506462081133,38.5092532397365,"625",6.000000,MANİSA,MERKEZ,SANCAKLIBOZKÖY,548057.342000,4262642.750000,213.693370,173.813370,3.990000,95.000000,obs. pts,./0.png
27.5420342276231,38.4955307670886,"622",6.000000,MANİSA,MERKEZ,SANCAKLIİĞDECİK,547315.447000,4261115.598000,212.244583,166.894583,0.010000,95.000000,obs. pts,./0.png
27.5371908327631,38.4962625956054,"621",6.000000,MANİSA,MERKEZ,SANCAKLIİĞDECİK,546892.606000,4261194.328000,230.759784,162.154784,0.065000,95.000000,obs. pts,./0.png
27.5595822828882,38.4785732729815,"620",6.000000,MANİSA,MERKEZ,SANCAKLIİĞDECİK,548857.159000,4259243.096000,137.732911,92.242911,6.550000,95.000000,obs. pts,./0.png
27.4304433032282,38.4262795256197,"616",6.000000,İZMİR,KEMALPAŞA,MERKEZ-YÜZYIL,537620.114000,4253379.913000,172.301846,156.476846,3.125000,95.000000,obs. pts,./0.png
27.3643604792229,38.4357963209756,"614",6.000000,İZMİR,KEMALPAŞA,KIZILÜZÜM,531847.717000,4254411.045000,295.245777,295.605777,2.000000,95.000000,obs. pts,./0.png
27.3840768744086,38.4877346476541,"612",6.000000,İZMİR,KEMALPAŞA,KUYUCAK,533544.460000,4260181.222000,322.872493,299.557493,1.425000,95.000000,obs. pts,./0.png
27.4382904315248,38.4600657254954,"610",6.000000,İZMİR,KEMALPAŞA,YELMİŞ,538287.242000,4257132.125000,191.349628,179.829628,0.200000,95.000000,obs. pts,./0.png
27.4537204959448,38.4503530909195,"606",6.000000,İZMİR,KEMALPAŞA,SÜTÇÜLER,539638.780000,4256060.907000,158.658956,140.778956,0.760000,95.000000,obs. pts,./0.png
27.4489702361256,38.4405342192977,"605",6.000000,İZMİR,KEMALPAŞA,MERKEZ,539229.586000,4254969.354000,147.260464,137.870464,0.640000,95.000000,obs. pts,./0.png
27.6351350775159,38.4381840393723,"600",6.000000,İZMİR,KEMALPAŞA,BAĞYURDU,555478.182000,4254804.135000,128.861651,98.301651,3.380000,95.000000,obs. pts,./0.png
27.6155901347177,38.4280541602826,"599",6.000000,İZMİR,KEMALPAŞA,BAYĞYURDU,553779.921000,4253668.523000,138.618850,105.933850,2.865000,95.000000,obs. pts,./0.png
27.571799292051,38.3353234180231,"597",6.000000,İZMİR,KEMALPAŞA,KAMBERLER,550021.345000,4243354.374000,685.021388,664.446388,0.225000,95.000000,obs. pts,./0.png
27.534982012784,38.410871671276,"595",6.000000,İZMİR,KEMALPAŞA,ARMUTLU,546755.010000,4251718.010000,140.261700,116.391700,0.730000,95.000000,obs. pts,./0.png
27.5149795137608,38.4091759413468,"594",6.000000,İZMİR,KEMALPAŞA,AŞAĞI KIZILCA,545009.709000,4251519.907000,148.751123,116.831123,0.330000,95.000000,obs. pts,./0.png
27.4878239042714,38.4207772725681,"588",6.000000,İZMİR,KEMALPAŞA,YUKARI KIZILCA,542631.979000,4252794.319000,142.230445,124.665445,1.685000,95.000000,obs. pts,./0.png
27.4421927080498,38.6602222427899,"586",5.000000,MANİSA,MERKEZ,GÜZELKÖY,538520.853000,4279343.965000,26.295902,23.335902,0.690000,95.000000,obs. pts,./0.png
27.5380920104069,38.6310456916191,"585",3.000000,MANİSA,MERKEZ,YENİ HARMANDALI,546883.627000,4276150.946000,34.009118,29.069118,1.290000,95.000000,obs. pts,./0.png
27.5621888065827,38.6334612378129,"584",3.000000,MANİSA,MERKEZ,ÇAVUŞOĞLU,548979.398000,4276431.563000,34.269581,30.459581,0.280000,95.000000,obs. pts,./0.png
27.6157901662105,38.6203509247721,"583",3.000000,MANİSA,MERKEZ,YEŞİLKÖY,553654.534000,4275006.706000,38.343878,35.398878,0.085000,95.000000,obs. pts,./0.png
27.6141157214897,38.5755569230694,"579",6.000000,MANİSA,MERKEZ,HAMZABEYLİ,553542.005000,4270035.135000,38.129854,35.164854,0.695000,95.000000,obs. pts,./0.png
27.3650061203607,38.555723426943,"577",5.000000,MANİSA,MERKEZ,KARAKOCA,531851.295000,4267718.712000,585.973915,489.273915,0.800000,95.000000,obs. pts,./0.png
27.354885866698,38.6267161091184,"572",5.000000,MANİSA,MERKEZ,,530939.064000,4275592.930000,76.975533,29.970533,0.585000,95.000000,obs. pts,./0.png
27.3485100125472,38.6601227994318,"571",5.000000,MANİSA,MERKEZ,EVRENOS,530369.991000,4279297.794000,31.522778,22.792778,2.000000,95.000000,obs. pts,./0.png
27.3106207918864,38.7474066737662,"570",5.000000,MANİSA,MERKEZ,ÇAMLICA,527040.589000,4288971.540000,263.161625,140.071625,1.890000,95.000000,obs. pts,./0.png
27.3235318739671,38.78823542153,"569",5.000000,MANİSA,MERKEZ,KÜÇÜKBELEN,528146.538000,4293506.103000,406.047366,337.052366,0.115000,95.000000,obs. pts,./0.png
27.2369312393714,38.6715691327288,"562",5.000000,MANİSA,MERKEZ,ŞAMAR,520658.759000,4280536.960000,276.894533,203.034533,0.120000,95.000000,obs. pts,./0.png
27.2968403438784,38.6681957786425,"561",5.000000,MANİSA,MERKEZ,YAĞCILAR,525871.551000,4280177.802000,22.448795,17.913795,3.805000,95.000000,obs. pts,./0.png
27.2906495806404,38.6426340314635,"558",5.000000,MANİSA,MERKEZ,KARAALİ-ORMAN FİD.,525341.970000,4277339.602000,26.428698,23.553698,0.235000,95.000000,obs. pts,./0.png
27.3215993057547,38.6450356009182,"555",5.000000,MANİSA,MERKEZ,KARAALİ,528034.483000,4277615.080000,35.040161,25.130161,0.250000,95.000000,obs. pts,./0.png
27.359534844603,38.7959752890151,"552",5.000000,MANİSA,MERKEZ,DAVUTLAR,531270.027000,4294376.660000,348.705203,306.835203,2.000000,95.000000,obs. pts,./0.png
27.3499150504533,38.774011831436,"551",5.000000,MANİSA,MERKEZ,KARAKILIÇLI,530443.960000,4291936.174000,383.776531,298.766531,2.000000,95.000000,obs. pts,./0.png
27.3856169436292,38.7406298789206,"550",5.000000,MANİSA,MERKEZ,KIRANÇİFTLİĞİ,533560.903000,4288244.320000,143.926687,72.816687,2.000000,95.000000,obs. pts,./0.png
27.3976807866066,38.7474405806461,"549",5.000000,MANİSA,MERKEZ,ÇINARLI,534606.065000,4289004.572000,116.744931,117.494931,2.000000,95.000000,obs. pts,./0.png
27.4458586483022,38.7222559167998,"546",5.000000,MANİSA,AKHİSAR,HALİTLİ,538806.323000,4286229.182000,30.589576,28.629576,0.460000,95.000000,obs. pts,./0.png
28.0604603511105,38.8548432839411,"544",4.000000,MANİSA,AKHİSAR,YAYAKIRILDIK,592064.020000,4301382.035000,287.580933,284.995933,0.475000,95.000000,obs. pts,./0.png
28.0933307061799,38.9262537042495,"543",4.000000,MANİSA,AKHİSAR,GÖKÇELER,594821.301000,4309340.377000,652.738873,614.373873,17.185000,95.000000,obs. pts,./0.png
28.1003214100493,38.9430897658803,"542",4.000000,MANİSA,AKHİSAR,HAMİTKÖY,595404.742000,4311216.048000,772.367916,764.072916,0.015000,95.000000,obs. pts,./0.png
28.1384234212946,38.9918957860221,"541",4.000000,MANİSA,AKHİSAR,DAĞDERE,598639.171000,4316672.893000,739.044494,703.239494,16.365000,95.000000,obs. pts,./0.png
28.098387521094,39.0112646897263,"538",4.000000,MANİSA,AKHİSAR,DAĞDERE,595145.897000,4318779.787000,735.919531,708.949531,0.380000,95.000000,obs. pts,./0.png
28.1047010623934,39.054737445787,"537",5.000000,MANİSA,AKHİSAR,HANPAŞA,595633.947000,4323610.870000,791.294200,753.924200,2.430000,95.000000,obs. pts,./0.png
28.0976820738834,39.0454532794127,"536",5.000000,MANİSA,AKHİSAR,HANPAŞA,595039.039000,4322573.185000,659.234804,657.604804,0.970000,95.000000,obs. pts,./0.png
28.0440990619679,38.9849484731954,"534",5.000000,MANİSA,AKHİSAR,PEKMEZCİ,590479.000000,4315804.000000,797.000000,685.560000,2.000000,95.000000,obs. pts,./0.png
27.4754925875232,38.7290733997318,"526",5.000000,MANİSA,MERKEZ,TİLKİSÜLEYMANİYE,541378.488000,4286998.658000,30.440093,28.070093,2.000000,95.000000,obs. pts,./0.png
27.4238463498761,38.7585023195854,"525",5.000000,MANİSA,MERKEZ,HALİTLİ,536874.164000,4290242.272000,90.588220,61.678220,4.610000,95.000000,obs. pts,./0.png
27.420318203794,38.7802569922923,"524",5.000000,MANİSA,MERKEZ,SARIALAN,536556.526000,4292654.933000,139.445349,139.905349,2.000000,95.000000,obs. pts,./0.png
27.4466690496125,38.7991676008436,"521",5.000000,MANİSA,MERKEZ,BELENYENİCE,538835.114000,4294764.263000,154.076326,133.356326,0.170000,95.000000,obs. pts,./0.png
27.5138593175636,38.7909532636048,"520",5.000000,MANİSA,SARUHANLI,SARIÇAM,544674.856000,4293883.373000,51.785134,44.835134,0.200000,95.000000,obs. pts,./0.png
27.4919386182023,38.8824740245913,"519",5.000000,MANİSA,SARUHANLI,HATİPLER,542716.417000,4304028.928000,219.215355,177.845355,3.590000,95.000000,obs. pts,./0.png
27.5432006993127,38.8581491827558,"517",5.000000,MANİSA,SARUHANLI,SEYİTOBA,547178.755000,4301354.803000,151.763497,151.093497,1.140000,95.000000,obs. pts,./0.png
27.5404748517119,38.8159477693157,"516",5.000000,MANİSA,SARUHANLI,BAHADIR,546969.949000,4296670.317000,92.335106,72.760106,0.335000,95.000000,obs. pts,./0.png
27.5756173388806,38.738804397908,"514",5.000000,MANİSA,SARUHANLI,MERKEZ,550074.785000,4288128.435000,39.257074,17.662074,0.125000,95.000000,obs. pts,./0.png
27.5197868705027,38.7071733035542,"512",5.000000,MANİSA,SARUHANLI,SELİMŞAHLAR,545242.441000,4284589.382000,31.865517,27.030517,0.505000,95.000000,obs. pts,./0.png
27.491650473189,38.6889683759563,"511",5.000000,MANİSA,SARUHANLI,YENİKÖY,542806.851000,4282555.732000,28.843144,26.523144,2.000000,95.000000,obs. pts,./0.png
27.5341845391566,38.7596722163717,"510",5.000000,MANİSA,SARUHANLI,PAŞA,546460.317000,4290422.273000,39.375030,34.840030,0.815000,95.000000,obs. pts,./0.png
27.5953562487758,38.8033002099324,"505",5.000000,MANİSA,SARUHANLI,PINARBAŞI,551743.737000,4295296.428000,138.787639,128.637639,0.960000,95.000000,obs. pts,./0.png
27.6013567723575,38.7665723841539,"504",5.000000,MANİSA,SARUHANLI,AZİMLİ,552291.575000,4291224.185000,70.665431,49.725431,1.660000,95.000000,obs. pts,./0.png
27.6277595316202,38.7959940498577,"501",5.000000,MANİSA,SARUHANLI,APAK,554562.967000,4294504.488000,161.984949,130.389949,6.665000,95.000000,obs. pts,./0.png
27.6298538914568,38.7761858859673,"500",5.000000,MANİSA,SARUHANLI,APAK,554759.982000,4292307.642000,82.506874,0.331874,3.275000,95.000000,obs. pts,./0.png
27.6632556247214,38.7708993653919,"499",5.000000,MANİSA,SARUHANLI,KOYUNCU,557665.700000,4291741.508000,53.503991,40.478991,0.535000,95.000000,obs. pts,./0.png
27.6490820679846,38.7538381380746,"498",5.000000,MANİSA,SARUHANLI,İSHAKÇELEBİ,556447.842000,4289839.412000,49.397771,39.272771,0.525000,95.000000,obs. pts,./0.png
27.6901779867231,38.8494659757543,"496",5.000000,MANİSA,SARUHANLI,KAYIŞLAR,559938.679000,4300477.342000,75.088311,47.468311,8.090000,95.000000,obs. pts,./0.png
27.7009893721422,38.8310504844842,"495",5.000000,MANİSA,SARUHANLI,DİLEK,560892.539000,4298440.909000,68.387789,33.222789,11.175000,95.000000,obs. pts,./0.png
27.6718911949072,38.9101939493702,"494",5.000000,MANİSA,AKHİSAR,MECİDİYE-BALLICA MVK.,558302.201000,4307204.565000,138.046322,103.021322,6.625000,95.000000,obs. pts,./0.png
27.6912037871182,38.9832305002983,"493",5.000000,MANİSA,AKHİSAR,ZEYTİNLİOVA,559915.194000,4315322.128000,254.808339,160.958339,0.280000,95.000000,obs. pts,./0.png
27.6488253472467,39.0161997603921,"492",5.000000,MANİSA,AKHİSAR,ÜÇAVLU,556218.551000,4318953.832000,396.063458,340.973458,2.000000,95.000000,obs. pts,./0.png
27.6371699566642,38.9701905559211,"491",5.000000,MANİSA,AKHİSAR,SİNDELLİ,555245.230000,4313840.916000,203.354670,169.444670,0.120000,95.000000,obs. pts,./0.png
27.6002111807119,38.9667313640575,"489",5.000000,MANİSA,AKHİSAR,SÜLEYMANKÖY,552046.030000,4313435.296000,200.461210,186.761210,0.390000,95.000000,obs. pts,./0.png
27.6021477966577,38.954035916083,"485",5.000000,MANİSA,AKHİSAR,ERDELLİ,552223.117000,4312027.559000,171.696130,169.906130,0.040000,95.000000,obs. pts,./0.png
27.6101623772706,38.9145740598165,"484",5.000000,MANİSA,AKHİSAR,SAKARKAYA,552946.884000,4307653.020000,177.838348,125.828348,2.490000,95.000000,obs. pts,./0.png
27.5911144980596,38.8846460697577,"482",5.000000,MANİSA,AKHİSAR,IŞIKKÖY,551317.000000,4304321.000000,295.490814,237.515814,23.435000,95.000000,obs. pts,./0.png
27.7211604040426,38.8885343656729,"481",5.000000,MANİSA,AKHİSAR,KAPAKLI,562592.992000,4304833.582000,94.519155,54.904155,8.855000,95.000000,obs. pts,./0.png
27.7404384805183,38.872808889786,"480",5.000000,MANİSA,AKHİSAR,KAPAKLI,564279.128000,4303101.891000,83.399250,61.124250,1.075000,95.000000,obs. pts,./0.png
27.781393070365,38.9216505865765,"477",5.000000,MANİSA,AKHİSAR,BEKİRLER,567785.471000,4308551.570000,91.031843,85.206843,0.855000,95.000000,obs. pts,./0.png
27.7561795308294,38.9624735851791,"476",5.000000,MANİSA,AKHİSAR,SÜNNETÇİLER,565562.141000,4313063.385000,112.860590,93.810590,1.120000,95.000000,obs. pts,./0.png
27.7657314589806,38.9872946475719,"475",5.000000,MANİSA,AKHİSAR,SÜLEYMANLI,566366.561000,4315824.776000,137.823655,106.133655,6.350000,95.000000,obs. pts,./0.png
27.8454420005307,38.9913128087176,"474",5.000000,MANİSA,AKHİSAR,MERKEZ-STAR PETROL YANI,573266.122000,4316331.763000,133.203481,118.883481,2.000000,95.000000,obs. pts,./0.png
27.8690369591649,38.9896679996753,"473",5.000000,MANİSA,AKHİSAR,KARABÖRKLÜ,575311.305000,4316168.470000,133.403563,120.913563,2.430000,95.000000,obs. pts,./0.png
27.9579569577165,39.0463800645822,"471",5.000000,MANİSA,AKHİSAR,MUŞTULAR,582946.168000,4322539.377000,285.531595,285.531595,2.000000,95.000000,obs. pts,./0.png
27.9105449106819,39.0217741144723,"469",5.000000,MANİSA,AKHİSAR,KARAKÖY,578870.548000,4319766.572000,178.964785,173.949785,2.455000,95.000000,obs. pts,./0.png
27.8795560955009,39.0134205156905,"468",5.000000,MANİSA,AKHİSAR,YENİCE,576196.868000,4318813.144000,143.270688,139.700688,0.820000,95.000000,obs. pts,./0.png
27.8926115468708,39.0702271057315,"467",5.000000,MANİSA,AKHİSAR,SELÇİKLİ,577265.316000,4325128.286000,249.104486,225.794486,16.090000,95.000000,obs. pts,./0.png
27.8578418639007,39.0359807021866,"466",5.000000,MANİSA,AKHİSAR,MUSALAR,574293.287000,4321298.814000,194.888623,187.643623,2.465000,95.000000,obs. pts,./0.png
27.8351815702356,39.0124477619177,"464",5.000000,MANİSA,AKHİSAR,GÖKÇEAHMET,572356.000000,4318669.000000,205.000000,192.180000,2.000000,95.000000,obs. pts,./0.png
27.9730340749625,38.8412930848309,"460",5.000000,MANİSA,AKHİSAR,HACIOSMANLAR,584493.892000,4299793.872000,551.817638,540.457638,1.040000,95.000000,obs. pts,./0.png
27.9104658479191,38.7683027206311,"455",5.000000,MANİSA,AKHİSAR,ILICAKSU,579144.389000,4291638.063000,99.987810,94.342810,0.025000,95.000000,obs. pts,./0.png
27.9545923843646,38.7768583651495,"454",4.000000,MANİSA,AKHİSAR,KARAYAĞCI,582968.044000,4292626.564000,130.511977,115.591977,3.520000,95.000000,obs. pts,./0.png
27.9361133284435,38.7678251570472,"453",4.000000,MANİSA,AKHİSAR,AKÇEŞME-FURUNLU MAH.,581373.095000,4291607.553000,120.697304,97.267304,0.470000,95.000000,obs. pts,./0.png
27.9475114182398,38.6782595661213,"451",4.000000,MANİSA,GÖLMARMARA,HACIVELİLER,582466.160000,4281678.661000,91.686249,83.926249,0.950000,95.000000,obs. pts,./0.png
27.9492834780326,38.6623507844994,"450",4.000000,MANİSA,GÖLMARMARA,HACIVELİLER,582638.582000,4279914.875000,87.585410,78.935410,2.000000,95.000000,obs. pts,./0.png
27.939862520918,38.6137636845958,"448",4.000000,MANİSA,GÖLMARMARA,BELEN YOLU,581874.141000,4274514.805000,88.056181,84.921181,0.085000,95.000000,obs. pts,./0.png
27.9209404916789,38.7448422652253,"444",5.000000,MANİSA,GÖLMARMARA,MERKEZ,580080.588000,4289043.756000,105.361563,91.296563,0.535000,95.000000,obs. pts,./0.png
27.9104760387831,38.7244068107371,"443",5.000000,MANİSA,GÖLMARMARA,MERKEZ,579193.726000,4286766.939000,110.830007,95.450007,2.000000,95.000000,obs. pts,./0.png
27.9072608101692,38.7291668385104,"441",5.000000,MANİSA,GÖLMARMARA,HACIBAŞTANLAR,578908.994000,4287292.384000,108.903600,94.453600,2.000000,95.000000,obs. pts,./0.png
27.8739362379614,38.7085777437416,"439",5.000000,MANİSA,GÖLMARMARA,KAYAALTI,576034.096000,4284979.453000,157.730046,94.830046,2.000000,95.000000,obs. pts,./0.png
27.8338120638757,38.7168509042329,"438",5.000000,MANİSA,GÖLMARMARA,DEĞNEKLER,572537.000000,4285865.000000,176.000000,64.210000,2.000000,95.000000,obs. pts,./0.png
27.8403243527461,38.7377685404282,"437",5.000000,MANİSA,GÖLMARMARA,TİYENLİ,573081.868000,4288191.389000,105.875233,58.775233,3.750000,95.000000,obs. pts,./0.png
27.8254035645077,38.7746745272187,"435",5.000000,MANİSA,GÖLMARMARA,TİYENLİ,571748.119000,4292275.039000,84.489189,54.964189,1.875000,95.000000,obs. pts,./0.png
27.8245490704167,38.7429458700519,"433",5.000000,MANİSA,SARUHANLI,KUMKUYUCAK,571705.615000,4288753.448000,114.010734,38.330734,2.000000,95.000000,obs. pts,./0.png
27.7288724794404,38.7482533460791,"432",5.000000,MANİSA,SARUHANLI,LÜTFİYE,563386.003000,4289271.865000,71.232657,22.077657,5.995000,95.000000,obs. pts,./0.png
27.7348259816996,38.5659871758268,"430",3.000000,MANİSA,TURGUTLU,ÇAMPINAR,564065.408000,4269050.408000,63.265023,43.165023,2.000000,95.000000,obs. pts,./0.png
27.7260904902408,38.6082083919043,"427",3.000000,MANİSA,TURGUTLU,YAKUPLAR,563267.334000,4273729.478000,241.486773,217.876773,2.000000,95.000000,obs. pts,./0.png
27.7151421487209,38.5786404636831,"426",3.000000,MANİSA,TURGUTLU,İZZETTİN,562339.616000,4270440.960000,88.070342,38.355342,6.145000,95.000000,obs. pts,./0.png
27.6843700893826,38.6003998243888,"425",3.000000,MANİSA,TURGUTLU,SİNİRLİ,559641.224000,4272835.090000,134.422474,76.017474,4.535000,95.000000,obs. pts,./0.png
27.6531316385548,38.6249468338618,"423",3.000000,MANİSA,SARUHANLI,GÜMÜLCELİ,556901.644000,4275539.166000,91.849382,65.469382,2.000000,95.000000,obs. pts,./0.png
27.6284961256197,38.6115330012657,"422",3.000000,MANİSA,SARUHANLI,GÜMÜLCELİ,554767.342000,4274035.713000,39.602373,37.852373,2.200000,95.000000,obs. pts,./0.png
27.5904853675659,38.6828846619956,"419",3.000000,MANİSA,SARUHANLI,MÜTEVELLİ,551406.974000,4281931.383000,56.685856,9.920856,2.845000,95.000000,obs. pts,./0.png
27.5671718748165,38.6803002568804,"418",5.000000,MANİSA,SARUHANLI,MÜTEVELLİ,549380.975000,4281631.795000,36.657628,30.347628,0.250000,95.000000,obs. pts,./0.png
27.6020230362837,38.6779009644093,"417",3.000000,MANİSA,SARUHANLI,MÜTEVELLİ,552414.136000,4281384.884000,59.438065,17.433065,1.845000,95.000000,obs. pts,./0.png
27.5075171585292,38.6596353760317,"416",5.000000,MANİSA,MERKEZ,YENİMAHMUDİYE,544204.809000,4279308.270000,30.050430,18.215430,1.395000,95.000000,obs. pts,./0.png
27.5132833508356,38.6743970388125,"415",5.000000,MANİSA,MERKEZ,KARAAĞAÇLI,544697.336000,4280949.112000,30.399884,23.169884,1.920000,95.000000,obs. pts,./0.png
27.8079876916652,38.5764773625489,"414",3.000000,MANİSA,TURGUTLU,AKKÖY,570429.068000,4270267.967000,139.075101,39.015101,2.000000,95.000000,obs. pts,./0.png
27.8587288920522,38.5631259509414,"413",3.000000,MANİSA,AHMETLİ,CAMBAZLI,574862.892000,4268826.499000,63.873835,54.413835,2.000000,95.000000,obs. pts,./0.png
27.8702680029317,38.647251333486,"408",3.000000,MANİSA,SARUHANLI,ÇULLUGÖRECE,575779.752000,4278171.114000,306.958505,241.268505,2.000000,95.000000,obs. pts,./0.png
27.7815002656137,38.6588717868707,"405",5.000000,MANİSA,SARUHANLI,HEYBELİ,568043.959000,4279391.061000,246.494596,193.144596,2.000000,95.000000,obs. pts,./0.png
27.7243662032237,38.6772259865826,"403",5.000000,MANİSA,SARUHANLI,ALİBEYLİ,563056.733000,4281386.969000,165.711896,65.191896,2.000000,95.000000,obs. pts,./0.png
27.6292533696329,38.7037491222031,"399",5.000000,MANİSA,SARUHANLI,DEVELİKÖY,554763.065000,4284269.094000,52.233012,43.233012,0.620000,95.000000,obs. pts,./0.png
27.8669240662348,38.9700064308094,"397",5.000000,MANİSA,AKHİSAR,ÇAMÖNÜ,575149.083000,4313984.800000,119.749289,92.229289,2.840000,95.000000,obs. pts,./0.png
27.9576210300832,38.9309017540661,"395",5.000000,MANİSA,AKHİSAR,DURASALLI,583051.873000,4309723.878000,626.714758,621.334758,2.000000,95.000000,obs. pts,./0.png
27.9883188300967,38.9956022774777,"391",5.000000,MANİSA,AKHİSAR,DOĞANKAYA,585634.842000,4316932.392000,702.822716,700.887716,0.685000,95.000000,obs. pts,./0.png
27.9642289101509,38.9890176688223,"390",5.000000,MANİSA,AKHİSAR,DOĞANKAYA,583556.385000,4316179.294000,643.778830,641.583830,2.185000,95.000000,obs. pts,./0.png
27.8705446548336,39.001004255056,"388",5.000000,MANİSA,AKHİSAR,DİNGİLLER,575429.853000,4317427.752000,135.142008,130.202008,0.310000,95.000000,obs. pts,./0.png
27.8141930029309,38.9376371756611,"386",5.000000,MANİSA,AKHİSAR,MERKEZ-DK2,570613.040000,4310350.524000,98.127152,87.792152,1.755000,95.000000,obs. pts,./0.png
28.5926076675076,38.2817704805146,"378",2.000000,MANİSA,ALAŞEHİR,DELEMENLER-GÜZLER MAH.,639342.998000,4238457.105000,218.445384,166.225384,0.210000,95.000000,obs. pts,./0.png
28.5833662474129,38.2953755726165,"377",2.000000,MANİSA,ALAŞEHİR,BELENYAKA,638508.803000,4239952.955000,206.320878,164.980878,0.350000,95.000000,obs. pts,./0.png
28.6559648799287,38.4645560700922,"375",1.000000,MANİSA,KULA,ÇARIKMAHMUTLU,644520.764000,4258838.304000,685.750369,674.745369,1.535000,95.000000,obs. pts,./0.png
28.7021469789513,38.4093778995365,"369",2.000000,MANİSA,KULA,ÇARIKBALLI,648663.262000,4252788.524000,805.000520,761.840520,20.170000,95.000000,obs. pts,./0.png
28.6047349712553,38.3610137326462,"367",2.000000,MANİSA,ALAŞEHİR,KİLLİK,640251.000000,4247269.000000,159.000000,132.090000,2.000000,95.000000,obs. pts,./0.png
28.7419222443675,38.3084150843025,"364",2.000000,MANİSA,SARIGÖL,ÖZPINAR,652347.766000,4241649.394000,273.010416,254.945416,0.795000,95.000000,obs. pts,./0.png
28.7875522839465,38.3410300116343,"362",2.000000,MANİSA,ALAŞEHİR,İSMAİLBEY-ÇANDIRLI MAH.,656267.549000,4245344.929000,807.499839,800.689839,2.420000,95.000000,obs. pts,./0.png
28.7570499837936,38.363898285811,"361",2.000000,MANİSA,SARIGÖL,İSMAİLBEY,653553.357000,4247831.487000,511.298137,504.358137,0.130000,95.000000,obs. pts,./0.png
28.6984402801207,38.3024140204181,"360",2.000000,MANİSA,SARIGÖL,ÇİMENTEPE,648558.022000,4240912.674000,203.426005,149.291005,1.085000,95.000000,obs. pts,./0.png
28.6746117097395,38.3137019007697,"359",2.000000,MANİSA,ALAŞEHİR,BAĞLICA,646451.630000,4242127.260000,186.823500,149.058500,0.925000,95.000000,obs. pts,./0.png
28.6601497854478,38.3474714964943,"358",2.000000,MANİSA,ALAŞEHİR,AYDOĞDU,645119.843000,4245851.852000,180.041075,157.211075,2.000000,95.000000,obs. pts,./0.png
28.6397644860434,38.3434011215634,"357",2.000000,MANİSA,ALAŞEHİR,GÜMÜŞÇAY,643346.384000,4245368.324000,165.167756,141.612756,3.955000,95.000000,obs. pts,./0.png
28.6692438435117,38.333428912074,"356",2.000000,MANİSA,ALAŞEHİR,YEŞİLYURT,645942.750000,4244307.873000,180.913664,140.063664,3.480000,95.000000,obs. pts,./0.png
28.6294404054409,38.2934839969172,"354",2.000000,MANİSA,ALAŞEHİR,SUBAŞI,642541.812000,4239813.078000,183.542095,161.822095,0.700000,95.000000,obs. pts,./0.png
28.5821779456318,38.3107821016424,"353",2.000000,MANİSA,ALAŞEHİR,ÜZÜMLÜ,638375.613000,4241660.815000,202.806264,162.171264,1.295000,95.000000,obs. pts,./0.png
28.4368752161511,38.4009159567137,"349",2.000000,MANİSA,ALAŞEHİR,PİYADELER,625515.638000,4251455.214000,157.492870,129.602870,2.000000,95.000000,obs. pts,./0.png
28.4278616499336,38.3980857498325,"343",2.000000,MANİSA,ALAŞEHİR,ALKAN,624733.399000,4251128.925000,160.660355,130.545355,0.935000,95.000000,obs. pts,./0.png
28.3485088494831,38.4244899979924,"339",2.000000,MANİSA,ALAŞEHİR,KAVAKLIDERE,617760.892000,4253954.639000,148.564786,128.194786,0.540000,95.000000,obs. pts,./0.png
28.533338201022,38.4306599139726,"334",2.000000,MANİSA,ALAŞEHİR,TÜRKMENKÖY,633884.327000,4254891.555000,199.090453,172.715453,1.255000,95.000000,obs. pts,./0.png
28.6100264147653,38.4396762751595,"333",2.000000,MANİSA,ALAŞEHİR,KARACALAR,640560.925000,4256006.278000,729.668326,709.288326,0.610000,95.000000,obs. pts,./0.png
28.5483574781758,38.4063891864898,"332",2.000000,MANİSA,ALAŞEHİR,TEPEKÖY,635240.589000,4252220.150000,142.237030,105.532030,4.375000,95.000000,obs. pts,./0.png
28.5847998859268,38.3948113236761,"331",2.000000,MANİSA,ALAŞEHİR,CABERBAKILI-RECEP ZENGİN,638444.775000,4250989.417000,168.129923,95.109923,1.700000,95.000000,obs. pts,./0.png
28.5852129878015,38.3925387119051,"330",2.000000,MANİSA,ALAŞEHİR,CABERBAKILI,638485.187000,4250737.845000,165.679426,92.269426,2.380000,95.000000,obs. pts,./0.png
28.5782522925997,38.3785282871621,"329",2.000000,MANİSA,ALAŞEHİR,ILGIN,637903.871000,4249172.684000,149.287741,133.297741,6.130000,95.000000,obs. pts,./0.png
28.6060508504439,38.2488775717023,"327",2.000000,MANİSA,ALAŞEHİR,MERKEZ,640582.241000,4234827.380000,218.897642,210.912642,1.255000,95.000000,obs. pts,./0.png
28.5358480339961,38.3509417225858,"326",2.000000,MANİSA,ALAŞEHİR,MERKEZ-YENİMAHALLE,634250.710000,4246048.917000,172.299003,155.849003,1.750000,95.000000,obs. pts,./0.png
28.3724061315284,38.4223775296443,"321",2.000000,MANİSA,SALİHLİ,DEREKÖY,619850.498000,4253751.013000,161.377492,132.737492,2.040000,95.000000,obs. pts,./0.png
28.5745201411694,38.3252957681848,"320",2.000000,MANİSA,ALAŞEHİR,SOBRAN,637678.612000,4243259.940000,181.381795,150.061795,0.070000,95.000000,obs. pts,./0.png
28.6913165593656,38.3228421022831,"319",2.000000,MANİSA,SARIGÖL,ÇAVUŞLAR,647893.589000,4243168.155000,197.825248,150.200248,0.615000,95.000000,obs. pts,./0.png
28.7997201197632,38.3437843131123,"318",2.000000,UŞAK,EŞME,HARDALLI,657325.057000,4245671.239000,918.457424,881.642424,5.435000,95.000000,obs. pts,./0.png
28.7015090495861,38.2601991158272,"314",2.000000,MANİSA,SARIGÖL,TİRAZLAR,648912.585000,4236233.036000,199.476008,155.876008,0.970000,95.000000,obs. pts,./0.png
28.7644161317117,38.2109300866074,"312",2.000000,MANİSA,SARIGÖL,BAHARLAR,654520.956000,4230868.786000,252.641838,180.841838,2.000000,95.000000,obs. pts,./0.png
28.0604917474268,38.8276868603609,"310",4.000000,MANİSA,GÖRDES,YENİKÖY,592101.732000,4298368.439000,256.164823,254.029823,0.165000,95.000000,obs. pts,./0.png
28.0394546970938,38.7616301976405,"308",4.000000,MANİSA,GÖLMARMARA,TAŞKUYUCAK,590358.940000,4291017.021000,180.677611,167.127611,0.850000,95.000000,obs. pts,./0.png
28.0288435688187,38.7303979517061,"307",4.000000,MANİSA,GÖLMARMARA,TAŞKUYUCAK,589475.946000,4287540.730000,441.509725,399.009725,2.000000,95.000000,obs. pts,./0.png
27.9237340540587,38.6457785135486,"304",4.000000,MANİSA,GÖLMARMARA,HACIVELİLER,580434.176000,4278053.174000,106.802216,31.322216,9.750000,95.000000,obs. pts,./0.png
28.1452715368345,38.6908449613508,"301",4.000000,MANİSA,SALİHLİ,KEMER,599651.143000,4283271.636000,649.501578,581.751578,2.000000,95.000000,obs. pts,./0.png
28.1701156013245,38.6310538133092,"296",4.000000,MANİSA,SALİHLİ,YAĞBASAN,601896.541000,4276663.877000,249.080796,208.930796,2.000000,95.000000,obs. pts,./0.png
28.1950331188409,38.6299571103594,"295",4.000000,MANİSA,SALİHLİ,KARASAVCI,604067.056000,4276570.128000,305.349650,216.264650,6.825000,95.000000,obs. pts,./0.png
28.2270519467258,38.6012774041758,"294",3.000000,MANİSA,SALİHLİ,GÖKÇEKÖY-BEKTAŞLAR,606896.709000,4273424.318000,168.410301,107.775301,2.655000,95.000000,obs. pts,./0.png
28.2662733577946,38.6259872678206,"292",3.000000,MANİSA,SALİHLİ,KIRDAMLAR,610274.317000,4276212.758000,412.877353,349.752353,1.205000,95.000000,obs. pts,./0.png
28.2813552472015,38.6511863410881,"291",1.000000,MANİSA,SALİHLİ,ORTAKÖY,611548.157000,4279027.352000,524.006832,468.916832,6.410000,95.000000,obs. pts,./0.png
28.2736179385542,38.9682700825343,"290",4.000000,MANİSA,GÖRDES,KIRAN,610384.533000,4314206.077000,550.205317,550.205317,2.000000,95.000000,obs. pts,./0.png
28.3133711604132,38.9383545149264,"287",4.000000,MANİSA,GÖRDES,GÖRDES BLD.,613876.434000,4310935.040000,476.603706,471.548706,1.845000,95.000000,obs. pts,./0.png
28.2843914359338,38.8994991342878,"286",4.000000,MANİSA,GÖRDES,NARLIKALAN MVK.,611425.435000,4306587.223000,463.166860,452.126860,0.060000,95.000000,obs. pts,./0.png
28.2371882551139,38.8445277850975,"284",4.000000,MANİSA,GÖRDES,BAYAT,607414.697000,4300430.206000,455.380349,437.460349,13.090000,95.000000,obs. pts,./0.png
28.1443445309637,38.8622416684253,"281",4.000000,MANİSA,GÖRDES,YAKAKÖY,599332.567000,4302290.935000,819.618711,787.178711,13.280000,95.000000,obs. pts,./0.png
28.2219584108017,38.8697486001136,"280",4.000000,MANİSA,GÖRDES,TÜPÜLER,606055.506000,4303211.281000,479.333457,461.973457,8.540000,95.000000,obs. pts,./0.png
28.1655396006657,38.9056235911247,"279",4.000000,MANİSA,GÖRDES,KAYACIK,601110.044000,4307128.487000,774.370045,755.095045,14.625000,95.000000,obs. pts,./0.png
28.2005420331759,38.951893510589,"278",4.000000,MANİSA,GÖRDES,KAYACIK,604077.530000,4312302.687000,783.410565,735.440565,13.320000,95.000000,obs. pts,./0.png
28.2408203296947,39.0453426463144,"275",4.000000,MANİSA,GÖRDES,DUTLUCA,607426.489000,4322720.175000,928.963648,928.963648,2.000000,95.000000,obs. pts,./0.png
28.3038965767708,38.9916641977642,"273",4.000000,MANİSA,GÖRDES,OĞULDURUK,612970.569000,4316839.412000,644.536885,631.556885,0.690000,95.000000,obs. pts,./0.png
28.3139174973227,38.9728166966014,"272",4.000000,MANİSA,GÖRDES,KUŞLUK,613868.634000,4314760.238000,585.612413,536.332413,0.320000,95.000000,obs. pts,./0.png
28.3402832667912,38.9826751166946,"271",4.000000,MANİSA,GÖRDES,KIZILDAM,616136.609000,4315887.585000,504.906937,500.786937,0.610000,95.000000,obs. pts,./0.png
28.5001424390669,39.0503086610335,"268",4.000000,MANİSA,DEMİRCİ,KULALAR-BAĞIRGAN MAH.,629859.711000,4323609.533000,1092.371665,1053.631665,2.090000,95.000000,obs. pts,./0.png
28.3972402083887,39.0174633509289,"262",4.000000,MANİSA,GÖRDES,ŞEYHYAYLA,621010.880000,4319822.500000,591.604329,588.469329,0.895000,95.000000,obs. pts,./0.png
28.4125972975408,38.9969021919965,"261",4.000000,MANİSA,GÖRDES,BENLİELİ,622375.861000,4317561.171000,606.632434,602.312434,0.550000,95.000000,obs. pts,./0.png
28.5204176190079,38.8421929541603,"258",1.000000,MANİSA,DEMİRCİ,ARMUTLU,631999.629000,4300542.183000,306.006118,300.381118,0.865000,95.000000,obs. pts,./0.png
28.3131909247117,38.8012950350671,"256",4.000000,MANİSA,GÖRDES,ALANYOLU,614079.628000,4295724.554000,628.913125,599.528125,7.015000,95.000000,obs. pts,./0.png
28.3168623316265,38.8261575323994,"255",4.000000,MANİSA,GÖRDES,KIYMIK,614358.694000,4298488.247000,704.170215,673.385215,24.145000,95.000000,obs. pts,./0.png
28.3090438672635,38.8542818452781,"254",4.000000,MANİSA,GÖRDES,KÜREKÇİ,613635.253000,4301599.591000,648.984042,586.464042,2.000000,95.000000,obs. pts,./0.png
28.3276253252311,38.848504078872,"253",4.000000,MANİSA,GÖRDES,KARAKEÇİLİ,615256.974000,4300981.680000,735.929734,711.604734,10.035000,95.000000,obs. pts,./0.png
28.3876123642625,38.8653665565318,"252",1.000000,MANİSA,DEMİRCİ,DİKİLİTAŞ,620434.327000,4302930.402000,886.443659,872.053659,0.230000,95.000000,obs. pts,./0.png
28.4014299886769,38.7949759513517,"250",1.000000,MANİSA,KÖPRÜBAŞI,KİLLİK,621752.998000,4295137.063000,390.521717,347.441717,4.750000,95.000000,obs. pts,./0.png
28.3351663708254,38.72136722789,"249",1.000000,MANİSA,KÖPRÜBAŞI,ARPACI,616117.389000,4286882.297000,342.503066,332.413066,6.810000,95.000000,obs. pts,./0.png
28.2468491970034,38.7110218017023,"248",4.000000,MANİSA,SALİHLİ,GÖKEYÜP,608455.094000,4285626.003000,624.825767,618.500767,2.215000,95.000000,obs. pts,./0.png
28.2537860539237,38.673617814235,"247",1.000000,MANİSA,SALİHLİ,GÖKEYÜP,609115.032000,4281483.446000,774.449164,720.249164,6.170000,95.000000,obs. pts,./0.png
28.2830756812206,38.6880103348236,"246",1.000000,MANİSA,SALİHLİ,GÖKEYÜP,611640.681000,4283115.867000,640.229713,639.589713,2.000000,95.000000,obs. pts,./0.png
28.8644206835914,38.2366615388592,"245",2.000000,MANİSA,SARIGÖL,ŞEYHDAVUTLAR,663219.471000,4233895.808000,1102.977185,1078.347185,1.090000,95.000000,obs. pts,./0.png
28.904101335059,38.2440296919158,"244",2.000000,DENİZLİ,GÜNEY,KARAGÖZLER,666675.743000,4234784.184000,999.779504,956.234504,1.885000,95.000000,obs. pts,./0.png
28.897327734482,38.1549234347485,"241",2.000000,DENİZLİ,BULDAN,TÜRLÜBEY,666285.505000,4224883.787000,820.178541,806.628541,0.270000,95.000000,obs. pts,./0.png
28.8364181133769,38.1019585849965,"239",2.000000,DENİZLİ,BULDAN,BULDAN,661064.712000,4218898.857000,562.377122,496.547122,3.380000,95.000000,obs. pts,./0.png
28.2130563828206,38.4752703270983,"236",2.000000,MANİSA,SALİHLİ,KABAZLI,605862.443000,4259425.284000,116.252174,102.172174,0.710000,95.000000,obs. pts,./0.png
28.2746081312212,38.5234640654837,"235",2.000000,MANİSA,SALİHLİ,DURASILLI-DÜNDAR ÇİFTLİĞİ,611157.711000,4264845.810000,124.860982,81.880982,2.650000,95.000000,obs. pts,./0.png
28.4701352229874,38.5203752734128,"233",2.000000,MANİSA,ALAŞEHİR,SOĞANLI,628208.433000,4264757.386000,603.981708,578.221708,2.000000,95.000000,obs. pts,./0.png
28.4219485259215,38.4704263112809,"232",2.000000,MANİSA,ALAŞEHİR,KEMALİYE,624093.151000,4259148.502000,236.440530,189.720530,7.030000,95.000000,obs. pts,./0.png
28.6065350334915,38.1831726766784,"222",2.000000,MANİSA,ALAŞEHİR,ÇARIKKARALAR,640751.118000,4227537.021000,782.656233,748.396233,5.100000,95.000000,obs. pts,./0.png
28.5904673723573,38.2245739618584,"221",2.000000,MANİSA,SARIGÖL,AFŞAR-DEĞİRMENDERE MAH.,639264.902000,4232106.914000,380.699954,342.289954,2.000000,95.000000,obs. pts,./0.png
28.6214562869105,38.2274758541964,"220",2.000000,MANİSA,SARIGÖL,AFŞAR,641971.959000,4232475.990000,270.269113,248.519113,2.000000,95.000000,obs. pts,./0.png
28.6207556412195,38.2688166860527,"217",2.000000,MANİSA,ALAŞEHİR,DELEMENLER,641830.269000,4237062.427000,204.825551,186.130551,1.345000,95.000000,obs. pts,./0.png
28.6180037357074,38.2655830299052,"216",2.000000,MANİSA,ALAŞEHİR,DELEMENLER-KENANPAŞA MAH.,641595.797000,4236699.378000,208.174977,188.234977,1.330000,95.000000,obs. pts,./0.png
28.6750141544388,38.1732952921769,"214",2.000000,MANİSA,SARIGÖL,DADAĞLI,646768.857000,4226547.163000,609.249347,550.789347,3.970000,95.000000,obs. pts,./0.png
28.6634931399444,38.137013402104,"212",2.000000,MANİSA,SARIGÖL,KIZILÇUKUR,645831.855000,4222502.893000,539.490766,530.455766,4.135000,95.000000,obs. pts,./0.png
28.6434604444889,38.1405065761841,"211",2.000000,MANİSA,SARIGÖL,KIZILÇUKUR,644069.259000,4222859.219000,518.457903,509.527903,2.000000,95.000000,obs. pts,./0.png
28.59870978832,38.1327245824503,"208",2.000000,MANİSA,SARIGÖL,KARACAALİ,640162.259000,4221927.134000,498.992382,488.482382,2.000000,95.000000,obs. pts,./0.png
28.5588500874913,38.165745534599,"205",2.000000,MANİSA,ALAŞEHİR,ULUDERBENT-HAYAFLIDERE MAH.,636607.060000,4225531.862000,431.091321,428.721321,0.500000,95.000000,obs. pts,./0.png
28.5827202468501,38.2468115489198,"200",2.000000,MANİSA,ALAŞEHİR,GİRELLİ,638544.539000,4234562.937000,265.143641,249.048641,1.825000,95.000000,obs. pts,./0.png
28.5238727306737,38.1239237664989,"199",2.000000,MANİSA,ALAŞEHİR,ÇAMLIBEL,633619.035000,4220840.156000,990.643407,989.848407,0.225000,95.000000,obs. pts,./0.png
28.5157362563799,38.1726251963956,"198",2.000000,MANİSA,ALAŞEHİR,ULUDERBENT,632817.481000,4226232.626000,441.530742,438.370742,0.190000,95.000000,obs. pts,./0.png
28.455222468215,38.2047572877566,"197",2.000000,İZMİR,KİRAZ,DOĞANCILAR,627460.546000,4229713.202000,629.358004,621.488004,2.200000,95.000000,obs. pts,./0.png
28.4330798009811,38.1127625995993,"195",2.000000,İZMİR,KİRAZ,UMURLU,625679.524000,4219474.857000,810.372299,727.142299,8.960000,95.000000,obs. pts,./0.png
28.4799074685887,38.1471434637455,"194",2.000000,MANİSA,ALAŞEHİR,SARIPINAR,629724.055000,4223354.331000,481.042672,476.312672,1.900000,95.000000,obs. pts,./0.png
28.4508454890152,38.139524172633,"193",2.000000,İZMİR,KİRAZ,TOMBULLAR,627190.606000,4222468.622000,547.508951,545.223951,0.075000,95.000000,obs. pts,./0.png
28.4347744121346,38.1750381677049,"192",2.000000,İZMİR,KİRAZ,DAĞARLAR,625721.186000,4226387.494000,1180.397528,1133.017528,2.000000,95.000000,obs. pts,./0.png
28.397228070732,38.2023546253644,"191",2.000000,İZMİR,KİRAZ,İĞDELİ,622386.595000,4229368.397000,1035.786276,984.871276,5.705000,95.000000,obs. pts,./0.png
28.4366260899811,38.2411092416144,"190",2.000000,İZMİR,KİRAZ,BAHÇEARASI,625769.655000,4233721.589000,983.428362,982.918362,0.890000,95.000000,obs. pts,./0.png
28.4862940132238,38.2335093637828,"188",2.000000,İZMİR,KİRAZ,CEVİZLİ,630129.958000,4232946.904000,1349.153552,1316.168552,1.005000,95.000000,obs. pts,./0.png
29.0100381251179,38.5865402043539,"186",1.000000,UŞAK,EŞME,CEMALÇAVUŞ,675118.221000,4272990.897000,689.796898,668.746898,2.000000,95.000000,obs. pts,./0.png
28.9800938327692,38.5735320477689,"185",1.000000,UŞAK,EŞME,GÜNYAKA,672541.022000,4271490.598000,771.552604,718.512604,2.000000,95.000000,obs. pts,./0.png
28.9530875185769,38.5672589092459,"184",1.000000,UŞAK,EŞME,KÖYLÜOĞLU,670202.999000,4270744.042000,813.854782,785.664782,3.200000,95.000000,obs. pts,./0.png
28.9376942813282,38.5547265680699,"183",1.000000,UŞAK,EŞME,ULUYAYLA,668891.139000,4269324.829000,825.393118,767.713118,7.200000,95.000000,obs. pts,./0.png
28.9396740545629,38.553628511015,"182",1.000000,UŞAK,EŞME,ULUYAYLA,669066.236000,4269206.609000,818.414238,787.214238,2.000000,95.000000,obs. pts,./0.png
28.9155086528033,38.5177286013372,"181",1.000000,UŞAK,EŞME,SARAYCIK,667043.358000,4265178.370000,891.061879,864.781879,1.500000,95.000000,obs. pts,./0.png
28.8463730857622,38.5524675768195,"178",1.000000,UŞAK,EŞME,ÇAYKIŞLA,660938.157000,4268910.283000,621.394417,602.564417,1.150000,95.000000,obs. pts,./0.png
28.7874362706211,38.5915553410867,"176",1.000000,MANİSA,KULA,DEREKÖY,655717.700000,4273146.539000,394.593689,389.403689,0.530000,95.000000,obs. pts,./0.png
28.7093270342805,38.5289985911652,"175",1.000000,MANİSA,KULA,ŞERİTLER,649043.754000,4266074.794000,544.250779,534.465779,1.465000,95.000000,obs. pts,./0.png
28.9479107495368,38.4415801617564,"174",0.000000,UŞAK,EŞME,TAKMAK,670047.286000,4256787.017000,826.949773,775.904773,6.165000,95.000000,obs. pts,./0.png
28.963298588984,38.4541007501835,"173",1.000000,UŞAK,EŞME,TAKMAK,671360.727000,4258205.017000,825.523218,801.538218,4.275000,95.000000,obs. pts,./0.png
29.0251519955911,38.4578438949274,"171",1.000000,UŞAK,EŞME,EŞME BELEDİYE KUYUSU,676749.284000,4258737.306000,791.831064,713.156064,11.595000,95.000000,obs. pts,./0.png
29.0639159040713,38.4786889249631,"170",1.000000,UŞAK,EŞME,AHMETLER,680080.037000,4261125.754000,851.386458,823.136458,2.000000,95.000000,obs. pts,./0.png
29.0270646071934,38.5049785683144,"169",1.000000,UŞAK,EŞME,BOZLAR,676800.973000,4263971.881000,717.583745,700.353745,10.190000,95.000000,obs. pts,./0.png
29.0221146900719,38.4909648672274,"168",1.000000,UŞAK,EŞME,İSALAR,676403.498000,4262407.168000,751.566247,729.356247,3.650000,95.000000,obs. pts,./0.png
29.026597570411,38.4915796736557,"166",1.000000,UŞAK,EŞME,İSALAR,676793.000000,4262484.000000,738.000000,736.560000,2.000000,95.000000,obs. pts,./0.png
29.1426177796186,38.4878110414715,"161",1.000000,UŞAK,EŞME,KIŞLADAĞ,686922.227000,4262295.020000,945.487604,899.357604,1.910000,95.000000,obs. pts,./0.png
29.163439296601,38.5560193347335,"157",1.000000,UŞAK,EŞME,KARACAÖMERLİ,688560.322000,4269907.317000,917.443202,881.123202,0.350000,95.000000,obs. pts,./0.png
29.0690753916094,38.566719588088,"156",1.000000,UŞAK,EŞME,CAMİLİ,680310.302000,4270905.428000,745.226084,715.296084,0.040000,95.000000,obs. pts,./0.png
29.0248337650721,38.6632103033833,"155",1.000000,UŞAK,EŞME,ÇALIKHASAN,676219.225000,4281528.072000,501.202267,497.152267,0.100000,95.000000,obs. pts,./0.png
29.0174412384346,38.637455935253,"154",1.000000,UŞAK,EŞME,ÇALIKHASAN,675638.861000,4278655.658000,664.939245,595.479245,2.000000,95.000000,obs. pts,./0.png
29.060039213383,38.6038262209642,"152",1.000000,UŞAK,MERKEZ,FAKILI,679430.587000,4275005.829000,704.311420,652.191420,4.000000,95.000000,obs. pts,./0.png
29.2925006437035,38.6841151003293,"150",1.000000,UŞAK,MERKEZ,ÇINARCIK,699452.233000,4284396.688000,866.293866,754.213866,2.000000,95.000000,obs. pts,./0.png
29.3275890556071,38.6989206086269,"148",1.000000,UŞAK,MERKEZ,KAŞBELEN,702462.879000,4286116.858000,1003.761807,948.396807,1.005000,95.000000,obs. pts,./0.png
29.2344284807648,38.599163187304,"143",1.000000,UŞAK,MERKEZ,ÇUKURAĞIL,694630.197000,4274843.599000,930.588733,931.078733,2.000000,95.000000,obs. pts,./0.png
29.2864303717359,38.8866838059635,"142",1.000000,KÜTAHYA,GEDİZ,YENİKENT-GÖLCÜK MAH.,698361.861000,4306865.978000,646.020600,632.620600,2.000000,95.000000,obs. pts,./0.png
29.3416631602642,38.7653331722258,"139",1.000000,UŞAK,MERKEZ,GÖKÇEDAL,703498.366000,4293518.996000,1069.498503,1058.898503,7.680000,95.000000,obs. pts,./0.png
29.3661844654861,38.7812300228892,"138",1.000000,UŞAK,MERKEZ,GÖKÇEDAL,705583.454000,4295338.201000,1084.619205,1082.379205,2.000000,95.000000,obs. pts,./0.png
29.5505982600469,38.8476202864188,"137",1.000000,UŞAK,BANAZ,BALTALI,721398.793000,4303137.834000,1208.303163,1197.623163,0.530000,95.000000,obs. pts,./0.png
29.5830039962264,38.8564355338274,"134",1.000000,UŞAK,BANAZ,KÜÇÜKLER KÖYÜ-AYBERK TARIM İŞLETMESİ,724183.808000,4304195.360000,1191.170951,1188.970951,2.000000,95.000000,obs. pts,./0.png
29.2523893253419,38.9442745936689,"129",1.000000,KÜTAHYA,GEDİZ,GEDİZ KAPLICASI-KESON KUYU,695251.045000,4313184.427000,704.395421,702.815421,0.350000,95.000000,obs. pts,./0.png
29.4032829633598,38.9956571031613,"126",1.000000,KÜTAHYA,GEDİZ,GEDİZ-SULAMA SUYU,708179.273000,4319221.660000,721.862283,719.797283,0.095000,95.000000,obs. pts,./0.png
29.4091414270809,38.9662869092778,"125",1.000000,KÜTAHYA,GEDİZ,GEDİZ-DÖRTDEĞİRMEN,708772.974000,4315975.217000,700.868134,700.303134,0.615000,95.000000,obs. pts,./0.png
29.4704336510788,38.9746122129727,"120",1.000000,KÜTAHYA,GEDİZ,GÖMELE,714058.872000,4317041.577000,744.653605,742.123605,0.020000,95.000000,obs. pts,./0.png
29.4507695716891,38.9494042846404,"119",1.000000,KÜTAHYA,GEDİZ,GÖMELE,712430.475000,4314197.635000,737.956896,733.136896,2.000000,95.000000,obs. pts,./0.png
29.4365395502345,38.9706694896148,"118",1.000000,KÜTAHYA,GEDİZ,DEDEKÖY,711133.998000,4316524.821000,721.133851,715.958851,0.085000,95.000000,obs. pts,./0.png
29.4084821965271,38.933341961542,"111",1.000000,KÜTAHYA,GEDİZ,SANDIKLI,708812.539000,4312317.092000,768.592630,764.587630,0.035000,95.000000,obs. pts,./0.png
29.4146983889293,38.9693110576185,"110",1.000000,KÜTAHYA,GEDİZ,DÖRTDEĞİRMEN,709245.581000,4316323.628000,704.473255,702.043255,0.170000,95.000000,obs. pts,./0.png
29.4656755227246,39.0593875654033,"100",1.000000,KÜTAHYA,GEDİZ,GÜZÜNGÜLÜ,713391.538000,4326439.929000,921.565481,915.930481,1.515000,95.000000,obs. pts,./0.png
29.4703324838654,39.0780811797471,"98",1.000000,KÜTAHYA,GEDİZ,YAYLAKÖY-ŞAHIS KUYUSU,713738.117000,4328525.764000,1191.426434,1171.926434,0.300000,95.000000,obs. pts,./0.png
29.4120019188957,39.0940487858379,"96",1.000000,KÜTAHYA,GEDİZ,AKKAYA,708644.674000,4330162.448000,1035.181203,1023.841203,0.100000,95.000000,obs. pts,./0.png
29.4124556617065,39.0161255340056,"93",1.000000,KÜTAHYA,GEDİZ,GEDİZ,708913.511000,4321514.527000,745.474870,737.504870,1.550000,95.000000,obs. pts,./0.png
29.3744450571912,39.0322315800515,"92",1.000000,KÜTAHYA,GEDİZ,ECE,705575.555000,4323215.566000,988.130136,987.510136,2.000000,95.000000,obs. pts,./0.png
29.3262336951374,38.9667432648597,"89",1.000000,KÜTAHYA,GEDİZ,ÇELTİKÇİ,701587.804000,4315839.069000,731.663447,728.333447,0.960000,95.000000,obs. pts,./0.png
28.3434538740867,38.5817762122333,"88",3.000000,MANİSA,SALİHLİ,KIZILAVLU,617064.781000,4271402.141000,338.668216,326.748216,7.560000,95.000000,obs. pts,./0.png
28.3038808114056,38.5780586795983,"84",3.000000,MANİSA,SALİHLİ,DOMBAYLI,613623.624000,4270939.933000,224.080011,111.600011,2.000000,95.000000,obs. pts,./0.png
28.4424989729066,38.4369276724163,"82",2.000000,MANİSA,ALAŞEHİR,TOYGARLI,625944.194000,4255459.061000,127.927364,115.852364,0.185000,95.000000,obs. pts,./0.png
28.472696512138,38.4627417134094,"81",2.000000,MANİSA,ALAŞEHİR,YUVACALI,628534.068000,4258365.332000,314.653254,280.208254,0.895000,95.000000,obs. pts,./0.png
28.53574714078,38.5357678486526,"79",1.000000,MANİSA,KULA,ESENYAZI,633900.000000,4266559.000000,802.000000,774.220000,2.000000,95.000000,obs. pts,./0.png
28.5267955605262,38.5280114908093,"78",1.000000,MANİSA,KULA,ESENYAZI,633134.051000,4265685.268000,817.044663,812.329663,1.565000,95.000000,obs. pts,./0.png
28.5620707768268,38.5876172480408,"77",1.000000,MANİSA,KULA,SARAÇLAR,636096.623000,4272351.526000,692.421309,643.181309,2.000000,95.000000,obs. pts,./0.png
28.5151318628226,38.6016643424534,"75",1.000000,MANİSA,KULA,EMRE,631982.532000,4273841.878000,690.157762,554.237762,0.080000,95.000000,obs. pts,./0.png
28.4040179492461,38.7461334469676,"73",1.000000,MANİSA,KÖPRÜBAŞI,MERKEZ,622060.948000,4289720.227000,247.462048,238.257048,0.615000,95.000000,obs. pts,./0.png
28.6612206702557,38.7649562408085,"68",1.000000,MANİSA,SELENDİ,TURPÇU,644375.934000,4292183.453000,447.807017,444.352017,0.055000,95.000000,obs. pts,./0.png
28.7507746709228,38.7201011068353,"65",1.000000,MANİSA,SELENDİ,YUKARIGÜLLÜCE,652252.195000,4287350.616000,382.992119,376.492119,2.000000,95.000000,obs. pts,./0.png
28.7629771279766,38.6462610775849,"63",1.000000,MANİSA,KULA,ŞEHİTLİOĞLU,653470.742000,4279176.395000,407.563449,405.273449,0.310000,95.000000,obs. pts,./0.png
28.8447684653214,38.6987260032598,"60",1.000000,MANİSA,SELENDİ,KINIK,660471.975000,4285138.876000,718.286801,621.311801,0.115000,95.000000,obs. pts,./0.png
28.929351378552,38.6823822149135,"56",1.000000,UŞAK,MERKEZ,BOYALI-KOZBURUN,667866.243000,4283476.580000,864.387308,855.157308,0.530000,95.000000,obs. pts,./0.png
28.9861098406501,38.701902722554,"55",1.000000,UŞAK,MERKEZ,YENİKÖY,672756.661000,4285748.464000,700.982479,692.507479,0.485000,95.000000,obs. pts,./0.png
29.0221740811793,38.7127003177573,"52",1.000000,UŞAK,MERKEZ,YENİKÖY,675866.573000,4287015.423000,691.938130,690.853130,0.375000,95.000000,obs. pts,./0.png
29.0232403206781,38.6646506188087,"51",1.000000,UŞAK,MERKEZ,YENİŞEHİR,676077.046000,4281684.858000,500.318930,497.768930,2.150000,95.000000,obs. pts,./0.png
28.5736643223166,38.9487137910483,"48",1.000000,MANİSA,DEMİRCİ,KAZANCI,636417.047000,4312442.018000,757.910236,754.445236,0.475000,95.000000,obs. pts,./0.png
28.6676735944049,39.0551951864699,"45",1.000000,MANİSA,DEMİRCİ,MERKEZ,644347.556000,4324404.417000,958.706289,923.196289,1.320000,95.000000,obs. pts,./0.png
28.8468405357357,38.9433958350493,"44",1.000000,MANİSA,DEMİRCİ,KUZEYİR,660103.287000,4312296.186000,685.587127,682.072127,0.855000,95.000000,obs. pts,./0.png
28.7771248941856,39.0134632458245,"40",1.000000,MANİSA,DEMİRCİ,ESENYURT,653909.228000,4319952.304000,996.670194,997.150194,2.000000,95.000000,obs. pts,./0.png
28.8264259568022,38.9783917615675,"39",1.000000,MANİSA,DEMİRCİ,YARBASAN,658256.062000,4316144.477000,751.410111,742.930111,2.000000,95.000000,obs. pts,./0.png
28.7707678089217,38.8977761014742,"38",1.000000,MANİSA,DEMİRCİ,MEZİTLER,653608.366000,4307102.357000,603.668683,603.668683,2.000000,95.000000,obs. pts,./0.png
28.9459967107966,38.8018183922282,"34",1.000000,MANİSA,SELENDİ,DIRAZLAR,669032.350000,4296762.338000,491.798555,482.008555,3.620000,95.000000,obs. pts,./0.png
28.9846552399626,38.7259098414868,"32",1.000000,MANİSA,SELENDİ,ZIRAMANLAR,672572.415000,4288410.057000,734.555440,714.735440,1.060000,95.000000,obs. pts,./0.png
28.8509198909173,38.7331569119584,"30",1.000000,MANİSA,SELENDİ,MERKEZ,660929.719000,4288970.781000,421.342208,369.637208,2.735000,95.000000,obs. pts,./0.png
28.8741956935162,38.8321709622084,"27",1.000000,MANİSA,SELENDİ,YENİCE,662727.776000,4300000.591000,853.715135,829.540135,1.505000,95.000000,obs. pts,./0.png
28.9758953665416,38.9284078676383,"23",1.000000,KÜTAHYA,SİMAV,YASSIEYNİHAN,671324.733000,4310867.383000,1006.397618,947.357618,0.260000,95.000000,obs. pts,./0.png
29.0118501205247,38.9524673397644,"22",1.000000,KÜTAHYA,SİMAV,KARACAHİSAR,674382.720000,4313605.814000,1008.801248,996.531248,0.900000,95.000000,obs. pts,./0.png
29.212910712029,38.6978964663913,"18",1.000000,UŞAK,MERKEZ,BEYLERHAN,692491.685000,4285755.968000,615.409180,531.779180,0.240000,95.000000,obs. pts,./0.png
29.1479268467443,38.7712338007779,"15",1.000000,UŞAK,MERKEZ,HALİLEFENDİÇİFTLİĞİ,686648.810000,4293760.688000,649.439016,643.464016,0.905000,95.000000,obs. pts,./0.png
29.1624059678883,38.8181569341923,"12",1.000000,UŞAK,MERKEZ,ZAHMAN,687783.608000,4298998.103000,761.383819,739.528819,0.215000,95.000000,obs. pts,./0.png
29.2033213817047,38.7844324996236,"10",1.000000,UŞAK,MERKEZ,DERBENT,691426.418000,4295340.053000,586.869310,581.209310,0.840000,95.000000,obs. pts,./0.png
29.2022033061562,38.7928285611739,"9",1.000000,UŞAK,MERKEZ,DERBENT-ORTABURUN,691306.844000,4296269.555000,596.493350,589.008350,0.285000,95.000000,obs. pts,./0.png
29.0499119570074,38.8409956422353,"6",1.000000,MANİSA,SELENDİ,RAHMANLAR,677959.288000,4301307.658000,931.412648,928.202648,0.490000,95.000000,obs. pts,./0.png
29.0826688086506,38.851716545968,"5",1.000000,MANİSA,SELENDİ,KARAKOZAN,680775.376000,4302561.851000,1000.585023,980.675023,7.690000,95.000000,obs. pts,./0.png
29.1192407934315,38.987428514696,"2",1.000000,KÜTAHYA,PAZARLAR,MERKEZ,683599.124000,4317697.085000,904.062885,900.592885,0.130000,95.000000,obs. pts,./0.png
