X,Y,İşl__kurum,il,ilçe,İst__Adı,No,P25_No,CKS_Boylam,CKS_Enlem,x_utm_ed50,y_utm_ed50,Rasat_tipi,Kot,Açılış_Tar,Kapanış_Ta,İst__Durum,Ocak_Ort_,Şubat_Ort_,Mart_Ort_,Nisan_Ort_,Mayıs_Ort_,Haziran_Or,Temmuz_Ort,Ağustos_Or,Eylül_Ort_,Ekim_Ort_,Kasım_Ort_,Aralık_Ort,Yıllık_Top,Ocak_Ort1,Şubat_Ort1,Mart_Ort1,Nisan_Ort1,Mayıs_Ort1,Haziran__1,Temmuz_O_1,Ağustos__1,Eylül_Ort1,Ekim_Ort1,Kasım_Ort1,Aralık_O_1,Yıllık_Ort,Ocak_PET__,Şubat_PET,Mart_PET__,Nisan_PET,Mayıs_PET,Haziran_PE,Temmuz_PET,Ağustos_PE,Eylül_PET,Ekim_PET__,Kasım_PET,Aralık_PET,Yıllık_T_1,Ocak_Gerçe,Şubat_Gerç,Mart_Gerçe,Nisan_Gerç,Mayıs_Gerç,Haziran_Ge,Temmuz_Ger,Ağustos_Ge,Eylül_Gerç,Ekim_Gerçe,Kasım_Gerç,Aralık_Ger,Yıllık_T_2,icon_url
27.9499240746378,38.5167325713561,MGM,Manisa,Turgutlu,Ahmetli,"5617",,38.516667,27.950000,582861.437070,4263756.569010,Yağış,100.000000,1938.000000,1988.000000,Kapalı,96.690476,69.971429,53.333333,43.880952,25.790476,15.866667,9.795238,4.223810,10.961905,40.033333,55.776190,84.266667,510.590476,0.000000,0.000000,0.000000,0.000000,0.000000,0.000000,0.000000,0.000000,0.000000,0.000000,0.000000,0.000000,0.000000,0.000000,0.000000,0.000000,0.000000,0.000000,0.000000,0.000000,0.000000,0.000000,0.000000,0.000000,0.000000,0.000000,0.000000,0.000000,0.000000,0.000000,0.000000,0.000000,0.000000,0.000000,0.000000,0.000000,0.000000,0.000000,0.000000,./0.png
27.8165910224103,38.9167323254493,MGM,Manisa,Akhisar,Akhisar,"17184",,38.916667,27.816667,570841.653337,4308032.512180,Sinoptik,93.000000,0.000000,0.000000,Açık,95.307407,80.529630,64.032099,48.996296,36.088889,13.207407,4.406173,4.079012,13.619753,39.912346,72.829630,109.554321,582.562963,6.050000,7.175676,9.650000,14.482432,19.743243,24.475676,26.970270,26.602703,22.433784,16.822973,11.414865,7.766216,16.132320,9.058392,11.999341,24.470245,52.949735,99.889744,145.634993,174.819215,159.907128,105.176280,59.227749,26.627336,13.417352,883.177510,9.058392,11.999341,24.470245,52.949735,99.889744,45.453114,4.406173,4.079012,13.619753,39.912346,26.627336,13.417352,345.882542,./0.png
28.516590702735,38.3500657710882,MGM,Manisa,Alaşehir,Alaşehir,17797 (5974),,38.350000,28.516667,632569.502977,4245923.893370,Küçük Klima,189.000000,0.000000,0.000000,Açık,66.394667,67.784000,54.556000,37.626667,35.513333,15.377333,8.285333,5.281333,10.937333,34.496000,54.168000,75.796000,466.216000,6.458974,7.905128,10.712821,15.335897,20.630769,25.333333,27.997436,27.225641,22.897436,17.233333,14.707692,7.889744,17.027350,8.691401,12.420994,26.528439,54.542860,104.815573,153.731316,186.010766,165.442983,107.204001,58.899563,38.588626,12.229550,929.106073,8.691401,12.420994,26.528439,54.542860,104.815573,29.158901,8.285333,5.281333,10.937333,34.496000,38.588626,12.229550,345.976344,./0.png
26.9665907927242,38.8000661431524,MGM,İzmir,Menemen,Aliağa,"5091",,38.800000,26.966667,497146.696411,4294769.764930,,125.000000,0.000000,0.000000,Kapalı,101.772000,83.624000,73.360000,41.156000,25.576000,7.564000,4.148000,4.700000,12.580000,36.188000,83.648000,133.944000,608.260000,7.900000,7.195652,9.595652,14.433333,19.710145,24.405797,26.865217,26.450725,22.330435,16.786957,11.369565,7.765217,16.234058,14.240487,11.982738,24.117982,52.490480,99.461769,144.862904,173.659576,158.337415,104.259649,58.882354,26.340481,13.336819,881.972653,14.240487,11.982738,24.117982,52.490480,99.461769,22.343751,4.148000,4.700000,12.580000,36.188000,26.340481,13.336819,321.930506,./0.png
29.5665911482473,38.7500649732845,DSİ,Uşak,Merkez,Aşağı Karacahisar,07-022,K23a1,38.750000,29.566667,723091.049424,4292348.868450,,1095.000000,1962.000000,0.000000,Açık,88.423913,79.793478,69.232609,62.747826,43.730435,22.589130,16.286957,10.852174,18.734783,41.763043,81.767391,103.419565,639.341304,0.000000,0.000000,0.000000,0.000000,0.000000,0.000000,0.000000,0.000000,0.000000,0.000000,0.000000,0.000000,0.000000,0.000000,0.000000,0.000000,0.000000,0.000000,0.000000,0.000000,0.000000,0.000000,0.000000,0.000000,0.000000,0.000000,0.000000,0.000000,0.000000,0.000000,0.000000,0.000000,0.000000,0.000000,0.000000,0.000000,0.000000,0.000000,0.000000,./0.png
28.2832572607462,38.2500659551024,DSİ,Manisa,Alaşehir,Avşar Barajı,05-026,L21d1,38.250000,28.283333,612333.716297,4234518.228030,,275.000000,1980.000000,0.000000,Açık,57.812903,56.919355,48.487097,42.764516,26.164516,13.148387,8.980645,12.196774,9.967742,32.696774,59.070968,71.722581,439.932258,0.000000,0.000000,0.000000,0.000000,0.000000,0.000000,0.000000,0.000000,0.000000,0.000000,0.000000,0.000000,0.000000,0.000000,0.000000,0.000000,0.000000,0.000000,0.000000,0.000000,0.000000,0.000000,0.000000,0.000000,0.000000,0.000000,0.000000,0.000000,0.000000,0.000000,0.000000,0.000000,0.000000,0.000000,0.000000,0.000000,0.000000,0.000000,0.000000,./0.png
27.6499238045951,38.2167329378138,MGM,İzmir,Bayındır,Bayındır,"6132",,38.216667,27.650000,556941.724838,4230240.756560,,100.000000,1929.000000,1985.000000,Kapalı,125.834615,95.584615,73.957692,58.576923,29.569231,15.365385,2.788462,1.323077,15.534615,45.876923,72.650000,152.469231,689.530769,8.373684,9.484211,11.878947,15.463158,20.668421,25.352632,27.457895,27.015789,23.773684,18.878947,13.810526,9.894737,17.671053,12.965158,16.213389,30.426938,53.492172,103.513383,153.536494,179.964787,163.356961,114.033897,68.079819,32.990304,17.356404,945.929708,12.965158,16.213389,30.426938,53.492172,103.513383,41.421232,2.788462,1.323077,15.534615,45.876923,32.990304,17.356404,373.902057,./0.png
27.1832577508324,39.1333991202891,MGM,İzmir,Bergama,Bergama,"17742",,39.133333,27.183333,515886.685891,4331775.585020,,0.000000,0.000000,0.000000,,118.723377,92.048052,71.018182,52.797403,35.684416,16.102597,6.519481,6.111688,16.801299,47.228571,99.314286,132.962338,695.311688,6.593333,7.420000,9.726667,14.264444,19.364444,24.311111,26.575556,26.082222,22.324444,17.144444,11.980000,8.471111,16.188148,10.540226,12.754154,24.873808,51.677263,96.706252,143.993547,170.449838,154.581506,104.348062,61.258448,28.994501,15.625024,875.802627,10.540226,12.754154,24.873808,51.677263,96.706252,55.080761,6.519481,6.111688,16.801299,47.228571,28.994501,15.625024,372.913026,./0.png
27.2999239697637,38.5167328712803,DSİ,İzmir,Bornova,Beşyol,05-022,K18c4,38.516667,27.300000,526194.693714,4263371.679030,,530.000000,1976.000000,0.000000,Açık,137.308571,101.428571,85.331429,59.780000,36.694286,14.617143,2.785714,0.580000,18.008571,47.171429,118.714286,148.017143,770.437143,0.000000,0.000000,0.000000,0.000000,0.000000,0.000000,0.000000,0.000000,0.000000,0.000000,0.000000,0.000000,0.000000,0.000000,0.000000,0.000000,0.000000,0.000000,0.000000,0.000000,0.000000,0.000000,0.000000,0.000000,0.000000,0.000000,0.000000,0.000000,0.000000,0.000000,0.000000,0.000000,0.000000,0.000000,0.000000,0.000000,0.000000,0.000000,0.000000,./0.png
28.2499237998011,38.0833994307303,DSİ,İzmir,Beydağ,Beydağ,06-005,L20d3,38.083333,28.250000,609666.259538,4215984.595650,,380.000000,1962.000000,0.000000,Açık,139.284615,127.187179,95.002564,67.228205,43.443590,14.735897,12.361538,9.689744,13.984615,40.969231,98.782051,179.892308,842.561538,0.000000,0.000000,0.000000,0.000000,0.000000,0.000000,0.000000,0.000000,0.000000,0.000000,0.000000,0.000000,0.000000,0.000000,0.000000,0.000000,0.000000,0.000000,0.000000,0.000000,0.000000,0.000000,0.000000,0.000000,0.000000,0.000000,0.000000,0.000000,0.000000,0.000000,0.000000,0.000000,0.000000,0.000000,0.000000,0.000000,0.000000,0.000000,0.000000,./0.png
28.4665909954969,38.7500654853683,MGM,Manisa,Demirci,Borlu,"2425",,38.750000,28.466667,627491.985177,4290241.865220,Yağış,250.000000,1963.000000,1982.000000,Kapalı,82.300000,67.988889,59.944444,44.977778,33.661111,26.327778,5.694444,6.955556,19.616667,39.677778,54.861111,99.072222,181.372222,0.000000,0.000000,0.000000,0.000000,0.000000,0.000000,0.000000,0.000000,0.000000,0.000000,0.000000,0.000000,0.000000,0.000000,0.000000,0.000000,0.000000,0.000000,0.000000,0.000000,0.000000,0.000000,0.000000,0.000000,0.000000,0.000000,0.000000,0.000000,0.000000,0.000000,0.000000,0.000000,0.000000,0.000000,0.000000,0.000000,0.000000,0.000000,0.000000,./0.png
27.2165905852213,38.4667329475525,MGM,İzmir,Bornova,Bornova,"17790",,38.466667,27.216667,518942.867355,4257803.176410,,27.000000,1929.000000,2005.000000,Açık,108.782692,93.248077,69.682692,48.473077,32.136538,8.007692,3.448077,2.125000,17.426923,45.834615,86.890385,118.211538,634.267308,8.069811,8.577358,11.018868,15.215094,20.277358,25.058491,27.873585,27.232075,22.886792,18.052830,13.154717,9.852830,17.272484,12.788418,14.141544,27.512828,53.254335,101.099441,150.560497,184.676967,165.597086,106.848022,63.695580,31.101467,18.040720,929.316905,12.788418,14.141544,27.512828,53.254335,101.099441,34.263532,3.448077,2.125000,17.426923,45.834615,31.101467,18.040720,361.036900,./0.png
28.1165906305162,38.3333993014201,DSİ,İzmir,Ödemiş,Bozdağ,05-021,L20a4,38.333333,28.116667,597638.116584,4243576.054490,,1150.000000,1961.000000,0.000000,Açık,219.594000,184.750000,136.206000,100.358400,63.688000,27.408000,9.544000,6.974000,25.106000,64.398000,151.874000,249.864000,1239.764400,0.000000,0.000000,0.000000,0.000000,0.000000,0.000000,0.000000,0.000000,0.000000,0.000000,0.000000,0.000000,0.000000,0.000000,0.000000,0.000000,0.000000,0.000000,0.000000,0.000000,0.000000,0.000000,0.000000,0.000000,0.000000,0.000000,0.000000,0.000000,0.000000,0.000000,0.000000,0.000000,0.000000,0.000000,0.000000,0.000000,0.000000,0.000000,0.000000,./0.png
28.8332571934951,38.0500658556083,MGM,Denizli,Buldan,Buldan,"6487",,38.050000,28.833333,660901.209264,4213134.943340,,600.000000,1964.000000,1993.000000,Kapalı,128.475862,99.531034,79.151724,47.196552,35.300000,18.106897,11.675862,7.786207,13.579310,35.613793,77.713793,141.137931,695.268966,4.457143,5.700000,9.028571,14.242857,17.828571,23.214286,26.400000,26.457143,22.257143,16.285714,9.485714,5.257143,15.051190,6.479163,9.516492,24.482040,54.496727,87.498135,134.962381,167.370964,157.205899,105.770243,59.024462,21.619711,8.254387,836.680604,6.479163,9.516492,24.482040,54.496727,87.498135,58.608587,11.675862,7.786207,13.579310,35.613793,21.619711,8.254387,339.610414,./0.png
28.8832572862327,38.1667324098282,DSİ,Denizli,Buldan,Buldan Barajı,05-027,L21c1,38.166667,28.883333,665025.967639,4226169.092670,,470.000000,1967.000000,0.000000,Açık,60.916667,62.571429,51.364286,46.847619,29.566667,19.126190,8.240476,7.321429,10.700000,36.254762,53.416667,75.580952,461.907143,0.000000,0.000000,0.000000,0.000000,0.000000,0.000000,0.000000,0.000000,0.000000,0.000000,0.000000,0.000000,0.000000,0.000000,0.000000,0.000000,0.000000,0.000000,0.000000,0.000000,0.000000,0.000000,0.000000,0.000000,0.000000,0.000000,0.000000,0.000000,0.000000,0.000000,0.000000,0.000000,0.000000,0.000000,0.000000,0.000000,0.000000,0.000000,0.000000,./0.png
27.5499238376287,38.2833995998465,DSİ,İzmir,Bayındır,Çınardibi,05-015,L19a4,38.283333,27.550000,548143.763644,4237581.302330,,705.000000,1961.000000,0.000000,Açık,155.579487,134.171795,105.312821,77.923077,47.189744,11.048718,3.735897,2.056410,20.671795,53.202564,117.510256,198.784615,927.187179,0.000000,0.000000,0.000000,0.000000,0.000000,0.000000,0.000000,0.000000,0.000000,0.000000,0.000000,0.000000,0.000000,0.000000,0.000000,0.000000,0.000000,0.000000,0.000000,0.000000,0.000000,0.000000,0.000000,0.000000,0.000000,0.000000,0.000000,0.000000,0.000000,0.000000,0.000000,0.000000,0.000000,0.000000,0.000000,0.000000,0.000000,0.000000,0.000000,./0.png
27.0999241111806,38.7500661194788,DSİ,İzmir,Aliağa,Çıtakköy,04-006,K18a4,38.750000,27.100000,508730.825583,4289225.593570,,150.000000,1962.000000,1997.000000,Kapalı,115.654839,94.758065,79.509677,52.977419,29.729032,8.964516,4.809677,1.045161,10.864516,35.741935,86.583871,144.174194,664.812903,0.000000,0.000000,0.000000,0.000000,0.000000,0.000000,0.000000,0.000000,0.000000,0.000000,0.000000,0.000000,0.000000,0.000000,0.000000,0.000000,0.000000,0.000000,0.000000,0.000000,0.000000,0.000000,0.000000,0.000000,0.000000,0.000000,0.000000,0.000000,0.000000,0.000000,0.000000,0.000000,0.000000,0.000000,0.000000,0.000000,0.000000,0.000000,0.000000,./0.png
27.0143239185361,38.5127663391412,MGM,İzmir,Çiğli,Çiğli Meydan,"17218",,38.512700,27.014400,501296.605847,4262889.020850,Askeri,5.000000,1937.000000,0.000000,Açık,98.050000,113.350000,64.775000,32.512500,19.175000,17.087500,0.175000,0.125000,14.787500,56.450000,60.600000,96.075000,194.125000,8.037500,8.406250,10.825000,15.256250,19.956250,24.712500,27.068750,26.543750,22.787500,17.881250,12.837500,9.843750,17.013021,13.278525,14.229093,27.541570,54.644935,99.220405,147.131338,174.819793,157.947167,106.595498,63.517713,30.556806,18.695417,908.178259,13.278525,14.229093,27.541570,54.644935,97.042565,17.087500,0.175000,0.125000,14.787500,56.450000,30.556806,18.695417,344.613911,./0.png
27.3832571683403,38.3167329844754,MGM,İzmir,Torbalı,Dağkızılca,"5962",,38.316667,27.383333,533551.814732,4241206.398440,,200.000000,1968.000000,1997.000000,,139.346429,121.439286,93.914286,59.589286,36.014286,14.121429,7.685714,3.310714,15.521429,46.064286,113.439286,186.350000,836.796429,6.758333,6.675000,9.075000,13.416667,18.025000,23.016667,25.891667,25.991667,22.216667,16.866667,11.175000,7.916667,15.585417,12.104410,11.720434,23.814963,48.374026,87.898278,132.456295,162.037666,152.631673,104.814479,61.505454,27.349062,15.331123,840.037864,12.104410,11.720434,23.814963,48.374026,87.898278,62.237437,7.685714,3.310714,15.521429,46.064286,27.349062,15.331123,361.411875,./0.png
27.1332569796102,38.1167332495661,MGM,İzmir,Menemen,Değirmendere,"6294",,38.116667,27.133333,511728.925105,4218953.940490,,200.000000,1964.000000,1997.000000,Kapalı,186.867742,137.329032,106.390323,55.919355,30.303226,10.429032,4.135484,1.774194,8.803226,48.348387,126.296774,217.145161,933.741935,6.655556,7.477778,9.922222,14.088889,18.033333,23.155556,26.344444,26.088889,22.044444,16.922222,10.788889,7.888889,15.784259,11.471698,13.762909,27.025465,51.740747,87.260267,133.383438,166.678103,153.499262,103.076296,61.263474,25.337418,14.866399,849.365477,11.471698,13.762909,27.025465,51.740747,87.260267,53.471991,4.135484,1.774194,8.803226,48.348387,25.337418,14.866399,347.998185,./0.png
28.6499245848321,39.0500651659488,MGM,Manisa,Demirci,Demirci,"17746",,39.050000,28.650000,642822.020929,4323807.049950,Büyük Klima,855.000000,1929.000000,0.000000,Açık,94.719565,83.015217,74.697826,66.104348,48.958696,18.667391,11.800000,8.791304,19.428261,42.200000,81.384783,108.386957,658.154348,3.411111,3.550000,6.477778,11.366667,16.650000,21.250000,24.077778,24.077778,19.661111,15.277778,9.388889,5.383333,13.381019,6.061492,6.343129,18.431110,44.499395,85.261012,121.967891,148.261065,138.847664,91.504254,58.820938,25.598773,11.252005,756.848726,6.061492,6.343129,18.431110,44.499395,85.261012,82.365075,11.800000,8.791304,19.428261,42.200000,25.598773,11.252005,362.031556,./0.png
28.366590879943,38.6167323016861,DSİ,Manisa,Salihli,Demirköprü Barajı,05-003,K20c4,38.616667,28.366667,619022.401769,4275310.993300,,290.000000,1961.000000,0.000000,Açık,69.480000,64.757143,51.611429,42.997143,36.685714,18.680000,6.591429,4.371429,9.811429,33.154286,54.174286,81.271429,473.585714,0.000000,0.000000,0.000000,0.000000,0.000000,0.000000,0.000000,0.000000,0.000000,0.000000,0.000000,0.000000,0.000000,0.000000,0.000000,0.000000,0.000000,0.000000,0.000000,0.000000,0.000000,0.000000,0.000000,0.000000,0.000000,0.000000,0.000000,0.000000,0.000000,0.000000,0.000000,0.000000,0.000000,0.000000,0.000000,0.000000,0.000000,0.000000,0.000000,./0.png
28.7499239463779,38.183399124948,DSİ,Manisa,Alaşehir,Dindarlı,05-006,L21d2,38.183333,28.750000,653309.801600,4227789.626600,,685.000000,1962.000000,0.000000,Açık,61.365217,60.580435,49.065217,45.673913,35.021739,16.706522,8.891304,6.073913,10.443478,36.436957,54.354348,74.310870,458.923913,0.000000,0.000000,0.000000,0.000000,0.000000,0.000000,0.000000,0.000000,0.000000,0.000000,0.000000,0.000000,0.000000,0.000000,0.000000,0.000000,0.000000,0.000000,0.000000,0.000000,0.000000,0.000000,0.000000,0.000000,0.000000,0.000000,0.000000,0.000000,0.000000,0.000000,0.000000,0.000000,0.000000,0.000000,0.000000,0.000000,0.000000,0.000000,0.000000,./0.png
28.2832573843902,38.4167324941488,DSİ,Manisa,Salihli,Doğanlar,05-014,L20a2,38.416667,28.283333,612076.765769,4253012.491920,,650.000000,1970.000000,0.000000,Açık,97.837500,96.150000,74.312500,52.245000,32.060000,18.402500,8.207500,8.700000,15.605000,41.405000,81.587500,107.282500,633.795000,0.000000,0.000000,0.000000,0.000000,0.000000,0.000000,0.000000,0.000000,0.000000,0.000000,0.000000,0.000000,0.000000,0.000000,0.000000,0.000000,0.000000,0.000000,0.000000,0.000000,0.000000,0.000000,0.000000,0.000000,0.000000,0.000000,0.000000,0.000000,0.000000,0.000000,0.000000,0.000000,0.000000,0.000000,0.000000,0.000000,0.000000,0.000000,0.000000,./0.png
28.9665908041465,38.4000655248827,MGM,Uşak,Eşme,Eşme,17827 (5800),,38.400000,28.966667,671776.001018,4252214.535280,,810.000000,1931.000000,0.000000,Açık,73.928571,56.435714,52.317857,39.239286,33.682143,19.367857,13.235714,10.814286,14.182143,34.792857,53.321429,72.903571,474.221429,2.616667,3.350000,6.600000,12.366667,15.950000,21.633333,25.033333,25.316667,21.200000,15.666667,8.383333,4.133333,13.520833,3.840078,5.452859,18.082873,48.521865,78.810817,124.251968,155.168748,147.656130,101.163048,59.914404,20.946442,7.333514,771.142746,3.840078,5.452859,18.082873,48.521865,78.810817,64.956604,13.235714,10.814286,14.182143,34.792857,20.946442,7.333514,320.970052,./0.png
28.8832574095579,38.3333989481767,DSİ,Uşak,Eşme,Eşmetaşköyü,05-001,J21b4,38.333333,28.883333,664649.472433,4244664.367950,,930.000000,1962.000000,0.000000,Açık,55.316667,56.226190,54.790476,51.542857,38.890476,17.650000,12.042857,6.190476,12.533333,35.807143,57.088095,70.480952,468.559524,0.000000,0.000000,0.000000,0.000000,0.000000,0.000000,0.000000,0.000000,0.000000,0.000000,0.000000,0.000000,0.000000,0.000000,0.000000,0.000000,0.000000,0.000000,0.000000,0.000000,0.000000,0.000000,0.000000,0.000000,0.000000,0.000000,0.000000,0.000000,0.000000,0.000000,0.000000,0.000000,0.000000,0.000000,0.000000,0.000000,0.000000,0.000000,0.000000,./0.png
29.0832576494,38.6167319692767,DSİ,Uşak,Eşme,Fakılı,05-012,K22d4,38.616667,29.083333,681420.072685,4276483.755910,,715.000000,1962.000000,0.000000,Açık,53.542222,49.800000,47.355556,43.402222,35.344444,20.362222,14.680000,9.044444,15.300000,35.226667,54.764444,61.897778,440.720000,0.000000,0.000000,0.000000,0.000000,0.000000,0.000000,0.000000,0.000000,0.000000,0.000000,0.000000,0.000000,0.000000,0.000000,0.000000,0.000000,0.000000,0.000000,0.000000,0.000000,0.000000,0.000000,0.000000,0.000000,0.000000,0.000000,0.000000,0.000000,0.000000,0.000000,0.000000,0.000000,0.000000,0.000000,0.000000,0.000000,0.000000,0.000000,0.000000,./0.png
26.7499239877967,38.6667330112835,MGM,İzmir,Foça,Foça,"5434",,38.666667,26.750000,478291.899687,4280003.352700,,10.000000,1957.000000,1994.000000,Kapalı,110.290625,77.431250,64.334375,37.365625,20.484375,5.484375,1.953125,0.906250,9.359375,31.559375,67.196875,125.931250,552.296875,9.000000,8.416667,10.758333,14.758333,18.850000,23.325000,25.266667,24.783333,22.233333,18.058333,13.241667,10.866667,16.629861,17.516594,15.407622,28.943598,54.028910,91.599350,133.713193,156.124413,141.385583,103.183392,66.355467,33.864210,23.447199,865.569531,17.516594,15.407622,28.943598,54.028910,91.599350,17.706115,1.953125,0.906250,9.359375,31.559375,33.864210,23.447199,326.291723,./0.png
29.4165913582,39.0500648067175,MGM,Kütahya,Gediz,Gediz,"17750",,39.050000,29.416667,709171.494083,4325291.057880,Büyük Klima,736.000000,1934.000000,0.000000,Açık,83.331373,68.776471,66.039216,59.194118,44.913725,25.221569,15.531373,9.425490,19.411765,42.825490,66.182353,100.268627,601.121569,2.189474,3.128947,6.400000,11.026316,16.044737,20.581579,24.028947,23.576316,19.013158,13.173684,7.223684,3.797368,12.515351,3.831301,6.161353,20.048387,45.369559,83.851987,118.718946,149.002306,135.969361,89.368300,50.015345,19.285400,7.832229,729.454473,3.831301,6.161353,20.048387,45.369559,83.851987,86.283307,15.531373,9.425490,19.411765,42.825490,19.285400,7.832229,359.857639,./0.png
27.9165908864099,38.7167324331685,MGM,Manisa,Gölmarmara,Gölmarmara,"5273",,38.716667,27.916667,579733.810773,4285920.618530,Küçük Klima,150.000000,1938.000000,1992.000000,Kapalı,91.390909,78.518182,59.106061,42.345455,34.015152,14.681818,3.966667,4.384848,10.324242,34.209091,63.878788,109.987879,546.809091,6.487500,7.112500,10.025000,15.475000,20.100000,24.975000,27.150000,26.700000,22.950000,16.437500,11.062500,6.787500,16.271875,9.909050,11.490333,25.587045,58.650914,102.395068,150.571634,176.902495,160.926333,109.022436,56.334962,24.763480,10.340845,896.894593,9.909050,11.490333,25.587045,58.650914,102.395068,29.996443,3.966667,4.384848,10.324242,34.209091,24.763480,10.340845,326.018025,./0.png
28.2999244434333,38.9333987539051,MGM,Manisa,Gördes,Gördes,"4930",,38.933333,28.300000,612718.820316,4310368.358570,Küçük Klima,550.000000,1955.000000,1997.000000,Kapalı,103.821951,84.746341,69.821951,55.709756,44.346341,18.619512,8.697561,4.573171,13.678049,33.039024,74.370732,126.985366,638.409756,3.580000,3.786667,6.726667,11.173333,15.746667,20.606667,22.486667,22.886667,19.746667,14.853333,8.573333,5.300000,12.955556,7.194433,7.684012,20.868270,45.389815,80.862785,118.285192,135.629064,130.155143,93.523492,58.212035,23.807913,11.945296,733.557450,7.194433,7.684012,20.868270,45.389815,80.862785,82.103069,8.697561,4.573171,13.678049,33.039024,23.807913,11.945296,339.843398,./0.png
29.349924529222,38.850064995715,DSİ,Kütahya,Gediz,Göynükören,05-004,,38.850000,29.350000,703974.359159,4302941.658370,,1020.000000,1966.000000,0.000000,Açık,62.816667,54.202381,49.428571,53.840476,38.811905,17.790476,9.207143,8.466667,18.204762,34.488095,57.604762,69.916667,474.778571,0.000000,0.000000,0.000000,0.000000,0.000000,0.000000,0.000000,0.000000,0.000000,0.000000,0.000000,0.000000,0.000000,0.000000,0.000000,0.000000,0.000000,0.000000,0.000000,0.000000,0.000000,0.000000,0.000000,0.000000,0.000000,0.000000,0.000000,0.000000,0.000000,0.000000,0.000000,0.000000,0.000000,0.000000,0.000000,0.000000,0.000000,0.000000,0.000000,./0.png
29.0665906326591,38.1500656717504,MGM,Denizli,Güney,Güney,"17824",,38.150000,29.066667,681129.262055,4224661.801450,Günlük Klima,825.000000,1938.000000,0.000000,Açık,84.495522,68.410448,61.080597,47.417910,39.562687,22.038806,12.159701,7.689552,13.704478,34.698507,58.476119,90.435821,540.170149,3.485366,4.182927,7.309756,11.887805,16.956098,21.558537,24.531707,24.168293,20.341463,15.087805,9.619512,5.253659,13.698577,5.885365,7.596866,21.091867,45.907049,86.334864,123.707242,150.671106,137.979968,95.292349,56.796873,25.712669,10.479699,767.455918,5.885365,7.596866,21.091867,45.907049,86.334864,75.266628,12.159701,7.689552,13.704478,34.698507,25.712669,10.479699,346.527246,./0.png
29.1665910193004,38.6500652378733,MGM,Uşak,Güre,Güre,"5458",,38.650000,29.166667,688588.604923,4280351.194780,Küçük Klima,650.000000,1964.000000,1995.000000,Kapalı,61.303333,51.900000,44.476667,46.420000,39.106667,25.713333,11.163333,8.926667,11.623333,34.986667,52.030000,64.576667,452.226667,0.900000,2.583333,7.016667,11.966667,15.233333,20.250000,24.116667,24.300000,18.783333,13.983333,7.200000,3.333333,12.472222,1.117875,4.681631,22.555264,50.494091,77.870961,115.931877,149.653120,141.612470,87.719729,54.052781,19.055949,6.479365,731.225112,1.117875,4.681631,22.555264,50.494091,77.870961,82.874948,11.163333,8.926667,11.623333,34.986667,19.055949,6.479365,331.830083,./0.png
27.1165908184697,38.8000660736268,DSİ,İzmir,Aliağa,Güzelhisar Barajı,04-018,K18a4,38.800000,27.116667,510172.028228,4294775.681920,,65.000000,1983.000000,0.000000,Açık,75.695000,80.845000,66.355000,50.840000,25.925000,12.545000,2.845000,3.650000,13.290000,32.950000,104.675000,116.210000,585.825000,0.000000,0.000000,0.000000,0.000000,0.000000,0.000000,0.000000,0.000000,0.000000,0.000000,0.000000,0.000000,0.000000,0.000000,0.000000,0.000000,0.000000,0.000000,0.000000,0.000000,0.000000,0.000000,0.000000,0.000000,0.000000,0.000000,0.000000,0.000000,0.000000,0.000000,0.000000,0.000000,0.000000,0.000000,0.000000,0.000000,0.000000,0.000000,0.000000,./0.png
27.6332575205206,38.7333992184631,DSİ,Manisa,Saruhanlı,Hacırahmanlı,05-002,K19a4,38.733333,27.633333,555088.492289,4287561.704040,,45.000000,1961.000000,1997.000000,Kapalı,69.881818,63.857576,57.154545,48.415152,25.009091,14.554545,6.833333,5.357576,11.200000,30.642424,60.090909,90.260606,483.257576,0.000000,0.000000,0.000000,0.000000,0.000000,0.000000,0.000000,0.000000,0.000000,0.000000,0.000000,0.000000,0.000000,0.000000,0.000000,0.000000,0.000000,0.000000,0.000000,0.000000,0.000000,0.000000,0.000000,0.000000,0.000000,0.000000,0.000000,0.000000,0.000000,0.000000,0.000000,0.000000,0.000000,0.000000,0.000000,0.000000,0.000000,0.000000,0.000000,./0.png
28.4499245425748,39.0333986058833,DSİ,Manisa,Gördes,Hanya (Güneşli),05-010,J20c3,39.033333,28.450000,625543.927436,4321662.354400,,640.000000,1961.000000,0.000000,Açık,97.254054,77.440541,65.251351,57.454054,45.859459,17.859459,7.040541,5.316216,16.002703,29.848649,76.245946,115.489189,611.062162,0.000000,0.000000,0.000000,0.000000,0.000000,0.000000,0.000000,0.000000,0.000000,0.000000,0.000000,0.000000,0.000000,0.000000,0.000000,0.000000,0.000000,0.000000,0.000000,0.000000,0.000000,0.000000,0.000000,0.000000,0.000000,0.000000,0.000000,0.000000,0.000000,0.000000,0.000000,0.000000,0.000000,0.000000,0.000000,0.000000,0.000000,0.000000,0.000000,./0.png
28.6165910428021,38.7833987230775,DSİ,Manisa,Demirci,İcikler,05-018,K21a4,38.783333,28.616667,640462.075260,4294160.677900,,710.000000,1961.000000,0.000000,Açık,78.506122,74.281633,65.079592,54.116327,39.361224,18.906122,9.920408,7.514286,17.436735,39.575510,67.036735,95.379592,567.114286,0.000000,0.000000,0.000000,0.000000,0.000000,0.000000,0.000000,0.000000,0.000000,0.000000,0.000000,0.000000,0.000000,0.000000,0.000000,0.000000,0.000000,0.000000,0.000000,0.000000,0.000000,0.000000,0.000000,0.000000,0.000000,0.000000,0.000000,0.000000,0.000000,0.000000,0.000000,0.000000,0.000000,0.000000,0.000000,0.000000,0.000000,0.000000,0.000000,./0.png
27.0832571798195,38.4000663926364,MGM,İzmir,Merkez,İzmir (Güzelyalı),"17220",,38.400000,27.083333,507317.722848,4250386.848060,"S,GK,R",29.000000,1926.000000,0.000000,Açık,128.275610,101.297561,76.063415,46.445122,31.484146,7.712195,2.395122,2.274390,16.856098,44.335366,92.508537,142.306098,691.953659,8.632500,9.252500,11.426250,15.650000,20.446250,25.210000,27.848750,27.426250,23.452500,18.706250,13.971250,10.440000,17.705208,13.660942,15.396546,28.161011,54.586025,101.298417,151.875354,184.885182,168.111140,111.077653,66.799092,33.618938,19.124884,948.595184,13.660942,15.396546,28.161011,54.586025,101.298417,29.757022,2.395122,2.274390,16.856098,44.335366,33.618938,19.124884,361.464760,./0.png
27.2165911026575,39.150065758525,DSİ,İzmir,Bergama,Kaleardı (Caber),04-005,J18d2,39.150000,27.216667,518763.261212,4333631.505000,,185.000000,1962.000000,1993.000000,Kapalı,139.528571,105.560714,78.428571,65.750000,40.585714,23.903571,6.903571,6.021429,18.835714,43.210714,117.332143,165.467857,811.528571,0.000000,0.000000,0.000000,0.000000,0.000000,0.000000,0.000000,0.000000,0.000000,0.000000,0.000000,0.000000,0.000000,0.000000,0.000000,0.000000,0.000000,0.000000,0.000000,0.000000,0.000000,0.000000,0.000000,0.000000,0.000000,0.000000,0.000000,0.000000,0.000000,0.000000,0.000000,0.000000,0.000000,0.000000,0.000000,0.000000,0.000000,0.000000,0.000000,./0.png
29.5332574848452,38.3167319944163,MGM,Uşak,,Karahallı,"5984",,38.316667,29.533333,721519.458191,4244173.573130,Küçük Klima,990.000000,1963.000000,1992.000000,Kapalı,60.178261,55.904348,49.073913,46.356522,47.834783,18.052174,7.491304,6.056522,15.547826,30.630435,44.886957,74.078261,456.091304,2.275000,2.800000,7.925000,12.425000,15.000000,20.500000,24.150000,24.175000,19.200000,13.375000,7.800000,3.375000,12.750000,3.832834,5.049613,26.153586,52.063881,75.564791,117.409511,148.504418,139.199439,89.931820,50.318243,20.864676,6.462297,735.355109,3.832834,5.049613,26.153586,52.063881,75.564791,84.614806,7.491304,6.056522,15.547826,30.630435,20.864676,6.462297,334.332571,./0.png
27.1832576868355,39.0500658511058,DSİ,İzmir,Bergama,Karahıdırlı,04-011,J18d3,39.050000,27.183333,515905.332021,4322527.783280,,130.000000,1967.000000,0.000000,Açık,86.612821,75.679487,64.202564,51.476923,28.782051,10.787179,6.743590,4.258974,13.333333,40.189744,86.628205,108.430769,577.125641,0.000000,0.000000,0.000000,0.000000,0.000000,0.000000,0.000000,0.000000,0.000000,0.000000,0.000000,0.000000,0.000000,0.000000,0.000000,0.000000,0.000000,0.000000,0.000000,0.000000,0.000000,0.000000,0.000000,0.000000,0.000000,0.000000,0.000000,0.000000,0.000000,0.000000,0.000000,0.000000,0.000000,0.000000,0.000000,0.000000,0.000000,0.000000,0.000000,./0.png
28.0499243162825,38.8167322941889,DSİ,Manisa,Akhisar,Kavakalan,05-011,J20c3,38.816667,28.050000,591198.391427,4297142.189940,,460.000000,1962.000000,0.000000,Açık,99.148780,86.541463,70.285366,58.436585,40.080488,11.441463,5.929268,4.185366,14.570732,35.665854,73.831707,112.604878,612.721951,0.000000,0.000000,0.000000,0.000000,0.000000,0.000000,0.000000,0.000000,0.000000,0.000000,0.000000,0.000000,0.000000,0.000000,0.000000,0.000000,0.000000,0.000000,0.000000,0.000000,0.000000,0.000000,0.000000,0.000000,0.000000,0.000000,0.000000,0.000000,0.000000,0.000000,0.000000,0.000000,0.000000,0.000000,0.000000,0.000000,0.000000,0.000000,0.000000,./0.png
27.416590593674,38.4333995474354,MGM,İzmir,Kemalpaşa,Kemalpaşa,"5785",,38.433333,27.416667,536407.370320,4254164.407400,Küçük Klima,200.000000,1938.000000,1997.000000,Kapalı,196.442105,152.222807,114.687719,75.271930,42.935088,21.254386,10.638596,6.477193,23.301754,60.235088,128.608772,239.747368,1071.822807,7.000000,7.580000,9.980000,14.660000,19.500000,24.386667,26.673333,26.700000,22.593333,16.680000,11.326667,7.926667,16.250556,11.523309,13.063227,25.739603,53.349468,97.564294,144.634818,170.169352,159.553197,106.336916,58.167370,26.111649,13.942434,880.155637,11.523309,13.063227,25.739603,53.349468,97.564294,66.625180,10.638596,6.477193,23.301754,58.167370,26.111649,13.942434,406.504077,./0.png
28.3832576877013,38.800065485371,DSİ,Manisa,Gördes,Kıranşıh,05-016,K20b4,38.800000,28.383333,620166.237614,4295677.839830,,670.000000,1961.000000,0.000000,Açık,83.521277,76.131915,67.242553,54.451064,39.374468,19.402128,7.931915,4.882979,15.517021,39.255319,72.504255,102.282979,582.497872,0.000000,0.000000,0.000000,0.000000,0.000000,0.000000,0.000000,0.000000,0.000000,0.000000,0.000000,0.000000,0.000000,0.000000,0.000000,0.000000,0.000000,0.000000,0.000000,0.000000,0.000000,0.000000,0.000000,0.000000,0.000000,0.000000,0.000000,0.000000,0.000000,0.000000,0.000000,0.000000,0.000000,0.000000,0.000000,0.000000,0.000000,0.000000,0.000000,./0.png
27.333257917943,39.3167322416764,DSİ,İzmir,Bergama,Kırcalar,04-014,J18b4,39.316667,27.333333,528776.318502,4352158.137260,,310.000000,1975.000000,0.000000,Açık,113.074074,90.662963,76.692593,66.622222,37.470370,14.937037,6.148148,4.614815,22.966667,53.033333,140.848148,172.988889,800.059259,0.000000,0.000000,0.000000,0.000000,0.000000,0.000000,0.000000,0.000000,0.000000,0.000000,0.000000,0.000000,0.000000,0.000000,0.000000,0.000000,0.000000,0.000000,0.000000,0.000000,0.000000,0.000000,0.000000,0.000000,0.000000,0.000000,0.000000,0.000000,0.000000,0.000000,0.000000,0.000000,0.000000,0.000000,0.000000,0.000000,0.000000,0.000000,0.000000,./0.png
27.1165911628088,39.2500657281188,DSİ,İzmir,Bergama,Kozak,04-008,J18d1,39.250000,27.116667,510108.072146,4344713.209160,,500.000000,1962.000000,0.000000,Kapalı,165.566667,126.558333,98.555556,71.572222,44.713889,17.047222,9.741667,7.547222,25.252778,50.500000,124.308333,197.122222,938.486111,0.000000,0.000000,0.000000,0.000000,0.000000,0.000000,0.000000,0.000000,0.000000,0.000000,0.000000,0.000000,0.000000,0.000000,0.000000,0.000000,0.000000,0.000000,0.000000,0.000000,0.000000,0.000000,0.000000,0.000000,0.000000,0.000000,0.000000,0.000000,0.000000,0.000000,0.000000,0.000000,0.000000,0.000000,0.000000,0.000000,0.000000,0.000000,0.000000,./0.png
28.3999243189307,38.7500655163645,MGM,Manisa,Köprübaşı,Köprübaşı,17795 (5278),,38.750000,28.400000,621698.509790,4290151.136110,Küçük Klima,250.000000,1967.000000,0.000000,Açık,59.585000,55.655000,48.640000,35.762500,29.095000,15.142500,10.312500,5.450000,9.612500,30.587500,57.202500,76.967500,434.012500,4.805882,6.229412,9.376471,14.441176,18.905882,24.529412,27.594118,27.670588,22.917647,17.594118,10.876471,6.935294,15.989706,6.082634,9.388868,23.249450,52.635351,92.671627,146.163877,181.831391,171.098454,109.073290,63.919955,24.469632,11.022331,891.606860,6.082634,9.388868,23.249450,52.635351,92.671627,34.693022,10.312500,5.450000,9.612500,30.587500,24.469632,11.022331,310.175415,./0.png
28.6499242048072,38.5500655553099,MGM,Manisa,Kula,Kula,"5624",,38.550000,28.650000,643823.532821,4268318.080770,Küçük Klima,675.000000,1929.000000,1991.000000,Kapalı,92.417857,81.330357,63.987500,45.623214,50.278571,24.464286,13.369643,5.305357,13.721429,42.455357,63.358929,94.083929,590.396429,3.950000,5.575000,7.850000,14.400000,16.775000,22.025000,26.075000,26.525000,21.950000,13.625000,7.850000,4.750000,14.279167,6.177954,10.358939,21.474042,58.706543,82.223371,125.878763,165.722379,159.328842,105.024631,46.641316,17.512811,7.909239,806.958833,6.177954,10.358939,21.474042,58.706543,82.223371,79.436157,13.369643,5.305357,13.721429,42.455357,17.512811,7.909239,358.650843,./0.png
27.2499244930705,39.2167323581139,DSİ,İzmir,Bergama,Mahmudiye (Çamtepe),04-007,J18d2,39.216667,27.250000,521623.185577,4341037.271150,,350.000000,1962.000000,0.000000,Açık,131.223810,116.669048,77.442857,69.119048,41.792857,23.173810,7.614286,5.811905,20.611905,49.411905,123.188095,168.630952,834.690476,0.000000,0.000000,0.000000,0.000000,0.000000,0.000000,0.000000,0.000000,0.000000,0.000000,0.000000,0.000000,0.000000,0.000000,0.000000,0.000000,0.000000,0.000000,0.000000,0.000000,0.000000,0.000000,0.000000,0.000000,0.000000,0.000000,0.000000,0.000000,0.000000,0.000000,0.000000,0.000000,0.000000,0.000000,0.000000,0.000000,0.000000,0.000000,0.000000,./0.png
27.2999242080191,38.8333992964401,DSİ,Manisa,Merkez,Maldan,04-012,K18b4,38.833333,27.300000,526079.765263,4298510.885350,,450.000000,1969.000000,0.000000,Açık,81.502500,69.490000,60.322500,50.835000,29.502500,7.602500,1.377500,4.340000,11.835000,36.407500,77.152500,95.147500,525.515000,0.000000,0.000000,0.000000,0.000000,0.000000,0.000000,0.000000,0.000000,0.000000,0.000000,0.000000,0.000000,0.000000,0.000000,0.000000,0.000000,0.000000,0.000000,0.000000,0.000000,0.000000,0.000000,0.000000,0.000000,0.000000,0.000000,0.000000,0.000000,0.000000,0.000000,0.000000,0.000000,0.000000,0.000000,0.000000,0.000000,0.000000,0.000000,0.000000,./0.png
27.4332574000404,38.6167327336263,MGM,Manisa,Merkez,Manisa,"17186",,38.616667,27.433333,537766.218326,4274514.411890,Sinoptik,71.000000,1929.000000,0.000000,Açık,121.243210,107.530864,78.965432,55.909877,38.524691,14.896296,6.133333,4.180247,16.991358,49.561728,91.670370,140.441975,726.049383,6.626711,7.848889,10.483596,15.137967,20.293745,25.270000,27.956137,27.512234,23.199194,17.782651,12.163293,8.283950,16.879864,9.315083,12.504569,25.887688,54.238661,102.150265,153.145739,186.828460,169.971321,110.033020,62.776697,27.626542,13.458610,927.936655,9.315083,12.504569,25.887688,54.238661,102.150265,51.270722,6.133333,4.180247,16.991358,49.561728,27.626542,13.458610,373.318807,./0.png
28.0832574785954,38.5833991252572,DSİ,Manisa,Salihli,Marmara Gölü Regülatörü,05-023,K20d4,38.583333,28.083333,594398.456376,4271282.862400,,75.000000,1961.000000,0.000000,Açık,63.883784,54.010811,49.467568,37.308108,32.564865,13.102703,7.567568,3.089189,13.013514,33.948649,50.245946,76.937838,435.140541,0.000000,0.000000,0.000000,0.000000,0.000000,0.000000,0.000000,0.000000,0.000000,0.000000,0.000000,0.000000,0.000000,0.000000,0.000000,0.000000,0.000000,0.000000,0.000000,0.000000,0.000000,0.000000,0.000000,0.000000,0.000000,0.000000,0.000000,0.000000,0.000000,0.000000,0.000000,0.000000,0.000000,0.000000,0.000000,0.000000,0.000000,0.000000,0.000000,./0.png
27.066590659378,38.6000662489394,MGM,İzmir,Menemen,Menemen Topraksu,17789 (9020),,38.600000,27.066667,505846.364747,4272578.121570,Özel(B.Klima),10.000000,1929.000000,0.000000,Açık,86.984375,72.834375,61.493750,39.993750,25.568750,6.750000,2.059375,2.943750,9.100000,33.434375,71.759375,113.525000,526.446875,7.770000,8.653333,10.973333,15.126667,19.893333,24.293333,26.756667,25.950000,22.320000,17.520000,12.700000,9.560000,16.793056,12.982080,15.529257,29.019016,55.263837,99.549523,143.048466,172.517400,153.025091,103.236311,62.021172,30.668863,18.090244,894.951260,12.982080,15.529257,29.019016,55.263837,99.549523,17.499140,2.059375,2.943750,9.100000,33.434375,30.668863,18.090244,326.139461,./0.png
27.333257421048,38.6667327416905,MGM,Manisa,Merkez,Muradiye,"5440",,38.666667,27.333333,529040.267206,4280026.339500,Yağış,25.000000,1964.000000,1987.000000,Kapalı,122.073684,85.226316,75.436842,48.715789,28.568421,11.605263,5.263158,5.710526,14.063158,48.136842,80.310526,132.763158,657.873684,0.000000,0.000000,0.000000,0.000000,0.000000,0.000000,0.000000,0.000000,0.000000,0.000000,0.000000,0.000000,0.000000,0.000000,0.000000,0.000000,0.000000,0.000000,0.000000,0.000000,0.000000,0.000000,0.000000,0.000000,0.000000,0.000000,0.000000,0.000000,0.000000,0.000000,0.000000,0.000000,0.000000,0.000000,0.000000,0.000000,0.000000,0.000000,0.000000,./0.png
27.9665905334718,38.2333994465924,MGM,İzmir,Ödemiş,Ödemiş,"17822",,38.233333,27.966667,584643.746677,4232332.032220,GK,111.000000,1929.000000,0.000000,Açık,97.022951,88.793443,70.509836,51.260656,30.993443,13.247541,5.460656,2.711475,14.767213,37.318033,78.129508,118.688525,608.903279,7.119298,8.014035,10.598246,14.763158,20.038596,24.968421,27.680702,27.001754,22.500000,16.922807,12.019298,8.692982,16.693275,11.060503,13.490553,27.186905,52.335317,100.733944,150.140251,181.801669,162.817810,104.651455,58.220230,27.729367,15.403155,905.571161,11.060503,13.490553,27.186905,52.335317,100.733944,42.432378,5.460656,2.711475,14.767213,37.318033,27.729367,15.403155,350.629501,./0.png
28.4332572707415,38.2333992322422,DSİ,İzmir,Kiraz,Ören,05-020,L20c2,38.233333,28.433333,625488.077636,4232861.472050,,940.000000,1961.000000,0.000000,Açık,92.352174,97.415217,84.843478,68.480435,51.013043,21.219565,12.421739,5.747826,17.176087,47.313696,103.408696,131.015217,732.407174,0.000000,0.000000,0.000000,0.000000,0.000000,0.000000,0.000000,0.000000,0.000000,0.000000,0.000000,0.000000,0.000000,0.000000,0.000000,0.000000,0.000000,0.000000,0.000000,0.000000,0.000000,0.000000,0.000000,0.000000,0.000000,0.000000,0.000000,0.000000,0.000000,0.000000,0.000000,0.000000,0.000000,0.000000,0.000000,0.000000,0.000000,0.000000,0.000000,./0.png
28.1332574113717,38.4833991788794,MGM,Manisa,Salihli,Salihli,"17792",,38.483333,28.133333,598890.278718,4260238.623670,Büyük Klima,111.000000,1939.000000,0.000000,Açık,74.461972,67.069014,59.164789,41.628169,33.292958,16.007042,6.083099,4.466197,13.673239,32.942254,57.890141,79.856338,486.535211,6.228261,7.380435,10.393478,15.241304,20.478261,25.202174,27.360870,26.702174,22.504348,16.839130,11.278261,7.900000,16.459058,8.981771,11.960771,26.766092,56.015076,105.250210,152.808598,177.973818,159.600549,105.039373,58.246330,25.198624,13.319150,901.160361,8.981771,11.960771,26.766092,56.015076,105.250210,29.662884,6.083099,4.466197,13.673239,32.942254,25.198624,13.319150,334.319366,./0.png
28.6999239884761,38.2500657634987,MGM,Manisa,Sarıgöl,Sarıgöl,"6143",,38.250000,28.700000,648794.562258,4235105.995950,Küçük Klima,225.000000,1962.000000,1988.000000,Kapalı,83.265217,67.060870,52.108696,41.695652,32.830435,18.895652,7.365217,4.491304,11.291304,37.547826,48.895652,81.217391,486.665217,8.250000,6.100000,10.150000,14.900000,22.200000,25.050000,26.350000,25.900000,22.950000,15.850000,12.650000,6.650000,16.416667,14.836664,8.642998,25.841659,54.040448,121.439227,151.250705,166.590101,151.296831,108.829437,52.551612,30.985087,9.933275,896.238044,14.836664,8.642998,25.841659,54.040448,120.485639,18.895652,7.365217,4.491304,11.291304,37.547826,30.985087,9.933275,344.357074,./0.png
28.0165912072833,39.1167320770111,DSİ,Manisa,Akhisar,Sarılar,05-008,J20d4,39.116667,28.016667,587932.944378,4330401.918630,,340.000000,1962.000000,0.000000,Açık,89.875510,77.551020,65.557143,58.716327,37.240816,11.828571,3.469388,4.363265,20.985714,40.451020,76.297959,109.783673,596.120408,0.000000,0.000000,0.000000,0.000000,0.000000,0.000000,0.000000,0.000000,0.000000,0.000000,0.000000,0.000000,0.000000,0.000000,0.000000,0.000000,0.000000,0.000000,0.000000,0.000000,0.000000,0.000000,0.000000,0.000000,0.000000,0.000000,0.000000,0.000000,0.000000,0.000000,0.000000,0.000000,0.000000,0.000000,0.000000,0.000000,0.000000,0.000000,0.000000,./0.png
27.5665908430379,38.7333992493705,MGM,Manisa,Saruhanlı,Saruhanlı,"5269",,38.733333,27.566667,549293.996983,4287523.742860,Küçük Klima,50.000000,1959.000000,1996.000000,Kapalı,69.937143,56.700000,56.148571,42.968571,27.854286,10.251429,2.371429,2.800000,9.357143,26.900000,55.074286,94.311429,454.674286,5.820000,7.070000,9.970000,15.160000,19.500000,24.800000,27.000000,26.470000,22.380000,16.660000,9.810000,6.720000,15.946667,8.672348,11.934473,26.267372,57.764202,98.247402,149.123878,175.112633,158.553454,105.018907,58.660340,20.840145,10.685879,880.881033,8.672348,11.934473,26.267372,57.764202,98.247402,25.062682,2.371429,2.800000,9.357143,26.900000,20.840145,10.685879,300.903075,./0.png
28.8665910533591,38.7500652993769,MGM,Manisa,Selendi,Selendi,"5282",,38.750000,28.866667,662253.689512,4290874.932500,Küçük Klima,575.000000,1954.000000,1991.000000,Kapalı,73.300000,61.857143,51.954286,43.434286,43.557143,24.820000,12.754286,8.440000,16.808571,34.711429,56.028571,86.702857,514.368571,4.666667,5.900000,6.966667,10.733333,17.000000,22.266667,25.600000,24.600000,20.966667,12.966667,6.666667,4.666667,13.583333,9.104143,12.667398,19.794422,40.076438,86.865272,129.826065,161.696796,142.878145,99.737174,45.667658,15.138924,8.782820,772.235254,9.104143,12.667398,19.794422,40.076438,86.865272,81.511871,12.754286,8.440000,16.808571,34.711429,15.138924,8.782820,346.655574,./0.png
27.5499245817998,39.2667321789181,DSİ,Manisa,Soma,Sevişler Barajı,04-019,J19a4,39.266667,27.550000,547487.900146,4346700.423240,,130.000000,1983.000000,0.000000,Açık,67.386957,81.069565,66.756522,55.308696,23.426087,13.065217,4.043478,0.939130,12.991304,42.317391,86.939130,98.452174,552.695652,0.000000,0.000000,0.000000,0.000000,0.000000,0.000000,0.000000,0.000000,0.000000,0.000000,0.000000,0.000000,0.000000,0.000000,0.000000,0.000000,0.000000,0.000000,0.000000,0.000000,0.000000,0.000000,0.000000,0.000000,0.000000,0.000000,0.000000,0.000000,0.000000,0.000000,0.000000,0.000000,0.000000,0.000000,0.000000,0.000000,0.000000,0.000000,0.000000,./0.png
28.9832579914537,39.0833983169334,MGM,Kütahya,Simav,Simav,"17748",,39.083333,28.983333,671588.081702,4328083.001080,GK,809.000000,1938.000000,0.000000,Açık,127.736986,110.234247,87.730137,67.921918,49.643836,26.280822,12.876712,10.110959,24.423288,49.952055,95.739726,151.820548,814.471233,2.346000,3.228000,6.084000,10.624000,15.328000,19.356000,21.876000,21.466000,17.234000,12.588000,7.706000,4.256000,11.841000,5.122110,7.623869,21.084170,46.464019,82.411869,112.082728,133.258677,121.804329,80.990937,49.957500,23.286895,10.611773,694.698876,5.122110,7.623869,21.084170,46.464019,82.411869,93.512789,12.876712,10.110959,24.423288,49.952055,23.286895,10.611773,387.480507,./0.png
29.683257641098,38.5000651153161,MGM,Uşak,,Sivaslı,"5634",,38.500000,29.683333,734043.024994,4264891.919770,Küçük Klima,1050.000000,1963.000000,1994.000000,Kapalı,77.554167,60.041667,61.866667,51.566667,51.066667,24.641667,14.350000,6.475000,14.375000,38.579167,61.100000,75.620833,537.237500,2.175000,1.725000,7.500000,12.000000,14.475000,19.925000,22.550000,22.900000,18.800000,14.525000,8.050000,4.000000,12.385417,3.980688,2.880175,25.494229,51.697020,73.719003,114.222699,137.085559,131.068906,88.596397,57.804251,22.867647,8.714380,718.130952,3.980688,2.880175,25.494229,51.697020,73.719003,101.858977,14.350000,6.475000,14.375000,38.579167,22.867647,8.714380,364.991285,./0.png
29.2332579873941,39.0333982391867,MGM,Kütahya,Şaphane,Şaphane,"4765",,39.033333,29.233333,693350.139161,4323035.382290,Küçük Klima,925.000000,1964.000000,1989.000000,Kapalı,116.216667,85.329167,68.379167,66.241667,50.987500,27.475000,15.337500,10.216667,17.616667,39.579167,72.308333,108.137500,677.825000,0.000000,0.000000,0.000000,0.000000,0.000000,0.000000,0.000000,0.000000,0.000000,0.000000,0.000000,0.000000,0.000000,0.000000,0.000000,0.000000,0.000000,0.000000,0.000000,0.000000,0.000000,0.000000,0.000000,0.000000,0.000000,0.000000,0.000000,0.000000,0.000000,0.000000,0.000000,0.000000,0.000000,0.000000,0.000000,0.000000,0.000000,0.000000,0.000000,./0.png
27.6999240226826,38.5000660328237,MGM,Manisa,Turgutlu,Turgutlu,"5615",,38.500000,27.700000,561080.406602,4261711.743210,Küçük Klima,120.000000,1929.000000,0.000000,Açık,96.122973,85.079730,64.729730,45.739189,34.578378,12.235135,5.725676,2.674324,13.479730,39.512162,73.736486,110.113514,583.727027,6.521053,7.215789,10.663158,15.700000,20.357895,25.394737,27.678947,27.505263,23.331579,17.768421,11.389474,7.600000,16.760526,9.172202,10.875927,26.932816,58.232657,102.998574,154.579747,183.411367,169.831151,111.309091,62.929626,24.730421,11.656037,926.659616,9.172202,10.875927,26.932816,58.232657,102.998574,31.321471,5.725676,2.674324,13.479730,39.512162,24.730421,11.656037,337.311997,./0.png
29.2999241953435,38.4167320244896,MGM,Uşak,,Ulubey,"5804",,38.416667,29.300000,700840.792629,4254737.777670,Küçük Klima,725.000000,1958.000000,1997.000000,Kapalı,63.393548,51.974194,47.003226,41.041935,41.296774,21.067742,11.477419,9.267742,10.964516,34.516129,48.061290,72.116129,452.180645,3.500000,3.800000,7.788889,12.822222,16.600000,21.566667,24.866667,25.200000,20.644444,14.800000,8.088889,4.133333,13.650926,5.851574,6.525764,22.979744,51.064140,83.458402,123.616777,153.623034,146.633287,97.227837,55.025881,19.811312,7.296360,773.114111,5.851574,6.525764,22.979744,51.064140,83.458402,68.883910,11.477419,9.267742,10.964516,34.516129,19.811312,7.296360,332.097011,./0.png
29.399924396559,38.666731783026,MGM,Uşak,Merkez,Uşak,"17188",,38.666667,29.400000,708847.789423,4282706.681560,"S,GK",919.000000,1929.000000,0.000000,Açık,73.810843,65.075904,57.902410,49.534940,49.159036,24.337349,15.583133,9.725301,15.957831,38.956627,58.038554,81.789157,539.871084,2.215000,2.902500,5.891250,10.743750,15.703750,20.150000,23.487500,23.565000,18.861250,13.261250,7.986250,4.088750,12.404688,4.024292,5.729143,18.273466,44.330466,82.016515,115.779711,144.700178,136.117053,88.813760,50.947102,22.475232,8.883717,722.090634,4.024292,5.729143,18.273466,44.330466,82.016515,91.479870,15.583133,9.725301,15.957831,38.956627,22.475232,8.883717,357.435592,./0.png
27.3665907850157,38.7000660341577,DSİ,Manisa,Merkez,Üçpınar,05-007,K18c1,38.700000,27.366667,531925.392876,4283736.278240,,100.000000,1961.000000,0.000000,Açık,76.797872,70.008511,67.934043,43.695745,25.517234,9.536170,3.829787,2.738298,12.106383,36.557447,80.961702,105.695745,535.378936,0.000000,0.000000,0.000000,0.000000,0.000000,0.000000,0.000000,0.000000,0.000000,0.000000,0.000000,0.000000,0.000000,0.000000,0.000000,0.000000,0.000000,0.000000,0.000000,0.000000,0.000000,0.000000,0.000000,0.000000,0.000000,0.000000,0.000000,0.000000,0.000000,0.000000,0.000000,0.000000,0.000000,0.000000,0.000000,0.000000,0.000000,0.000000,0.000000,./0.png
28.2332575767835,38.6833989786953,DSİ,Manisa,Salihli,Yukarı Poyraz,05-013,K20d2,38.683333,28.233333,607314.588546,4282544.651420,,630.000000,1961.000000,0.000000,Açık,82.680952,78.930952,65.054762,53.847619,41.623810,17.885714,9.523810,5.169048,14.700000,37.730952,70.080952,105.438095,582.666667,0.000000,0.000000,0.000000,0.000000,0.000000,0.000000,0.000000,0.000000,0.000000,0.000000,0.000000,0.000000,0.000000,0.000000,0.000000,0.000000,0.000000,0.000000,0.000000,0.000000,0.000000,0.000000,0.000000,0.000000,0.000000,0.000000,0.000000,0.000000,0.000000,0.000000,0.000000,0.000000,0.000000,0.000000,0.000000,0.000000,0.000000,0.000000,0.000000,./0.png
21.2740792466164,38.418196328244,,,,,,,0.000000,0.000000,0.000000,0.000000,,0.000000,0.000000,0.000000,,0.000000,0.000000,0.000000,0.000000,0.000000,0.000000,0.000000,0.000000,0.000000,0.000000,0.000000,0.000000,0.000000,0.000000,0.000000,0.000000,0.000000,0.000000,0.000000,0.000000,0.000000,0.000000,0.000000,0.000000,0.000000,0.000000,0.000000,0.000000,0.000000,0.000000,0.000000,0.000000,0.000000,0.000000,0.000000,0.000000,0.000000,0.000000,0.000000,0.000000,0.000000,0.000000,0.000000,0.000000,0.000000,0.000000,0.000000,0.000000,0.000000,0.000000,0.000000,0.000000,./0.png
